pv_to_load_w,batt_to_load_w,grid_to_load_w,pv_surplus_w,soc,bank,pscore,critical_pv_w,critical_batt_w,critical_grid_w,critical_unmet_w,essential_pv_w,essential_batt_w,essential_grid_w,essential_unmet_w,nonessential_pv_w,nonessential_batt_w,nonessential_grid_w,nonessential_unmet_w
0.0,1136.5932351212896,0.0,0.0,0.6897047714210027,Sunny,5.0,0.0,1066.5932351212896,0.0,0.0,0.0,60.0,0.0,0.0,0.0,10.0,0.0,0.0
0.0,1139.8889046022068,0.0,0.0,0.679379690763374,Sunny,4.999999999999999,0.0,1069.8889046022068,0.0,0.0,0.0,60.0,0.0,0.0,0.0,10.0,0.0,0.0
0.0,1140.7681308978786,0.0,0.0,0.669046646099444,Sunny,5.0,0.0,1070.7681308978786,0.0,0.0,0.0,60.0,0.0,0.0,0.0,10.0,0.0,0.0
0.0,1139.9346105038117,0.0,0.0,0.6587211514390834,Sunny,5.000000000000001,0.0,1069.9346105038117,0.0,0.0,0.0,60.0,0.0,0.0,0.0,10.0,0.0,0.0
0.0,1135.8651157999202,0.0,0.0,0.6484325181437942,Sunny,5.000000000000001,0.0,1065.8651157999202,0.0,0.0,0.0,60.0,0.0,0.0,0.0,10.0,0.0,0.0
0.0,1139.8217599209743,0.0,0.0,0.638108045680742,Sunny,5.000000000000001,0.0,1069.8217599209743,0.0,0.0,0.0,60.0,0.0,0.0,0.0,10.0,0.0,0.0
0.0,1137.3910609989903,0.0,0.0,0.6278055904180699,Sunny,5.0,0.0,1067.3910609989903,0.0,0.0,0.0,60.0,0.0,0.0,0.0,10.0,0.0,0.0
0.0,1141.33934509766,0.0,0.0,0.6174673717124752,Sunny,5.0,0.0,1071.33934509766,0.0,0.0,0.0,60.0,0.0,0.0,0.0,10.0,0.0,0.0
0.0,1140.7331964921937,0.0,0.0,0.6071346434833793,Sunny,5.0,0.0,1070.7331964921937,0.0,0.0,0.0,60.0,0.0,0.0,0.0,10.0,0.0,0.0
0.0,1138.1202404273454,0.0,0.0,0.596825583334581,Sunny,5.000000000000001,0.0,1068.1202404273454,0.0,0.0,0.0,60.0,0.0,0.0,0.0,10.0,0.0,0.0
0.0,1138.9722661653266,0.0,0.0,0.5865088055613443,Sunny,5.0,0.0,1068.9722661653266,0.0,0.0,0.0,60.0,0.0,0.0,0.0,10.0,0.0,0.0
0.0,1137.881572956222,0.0,0.0,0.5762019072555815,Rainy,4.0,0.0,1067.881572956222,0.0,0.0,0.0,60.0,0.0,0.0,0.0,10.0,0.0,0.0
0.0,1139.8746418054536,0.0,0.0,0.5658769557899523,Rainy,4.0,0.0,1069.8746418054536,0.0,0.0,0.0,60.0,0.0,0.0,0.0,10.0,0.0,0.0
0.0,1141.9102846410024,0.0,0.0,0.5555335655305229,Rainy,4.000000000000001,0.0,1071.9102846410024,0.0,0.0,0.0,60.0,0.0,0.0,0.0,10.0,0.0,0.0
0.0,1138.0285479073289,0.0,0.0,0.5452253359299131,Rainy,4.0,0.0,1068.0285479073289,0.0,0.0,0.0,60.0,0.0,0.0,0.0,10.0,0.0,0.0
0.0,1141.0080930310357,0.0,0.0,0.5348901176959364,Rainy,4.0,0.0,1071.0080930310357,0.0,0.0,0.0,60.0,0.0,0.0,0.0,10.0,0.0,0.0
0.0,1138.9394847632552,0.0,0.0,0.5245736368556895,Rainy,3.9999999999999996,0.0,1068.9394847632552,0.0,0.0,0.0,60.0,0.0,0.0,0.0,10.0,0.0,0.0
0.0,1138.4142543354753,0.0,0.0,0.5142619135374333,Rainy,3.9999999999999996,0.0,1068.4142543354753,0.0,0.0,0.0,60.0,0.0,0.0,0.0,10.0,0.0,0.0
0.0,1139.785939280091,0.0,0.0,0.5039377655367079,Rainy,4.0,0.0,1069.785939280091,0.0,0.0,0.0,60.0,0.0,0.0,0.0,10.0,0.0,0.0
0.0,1137.9295153551611,0.0,0.0,0.49363043297008513,Rainy,4.0,0.0,1067.9295153551611,0.0,0.0,0.0,60.0,0.0,0.0,0.0,10.0,0.0,0.0
0.0,1138.8927013893058,0.0,0.0,0.48331437589228343,Rainy,4.0,0.0,1068.8927013893058,0.0,0.0,0.0,60.0,0.0,0.0,0.0,10.0,0.0,0.0
0.0,1137.6042442148223,0.0,0.0,0.4730099896222216,Rainy,4.0,0.0,1067.6042442148223,0.0,0.0,0.0,60.0,0.0,0.0,0.0,10.0,0.0,0.0
0.0,1143.9294502658327,0.0,0.0,0.4626483098190891,Rainy,4.0,0.0,1073.9294502658327,0.0,0.0,0.0,60.0,0.0,0.0,0.0,10.0,0.0,0.0
0.0,1140.0705271039435,0.0,0.0,0.45232158403010414,Rainy,4.0,0.0,1070.0705271039435,0.0,0.0,0.0,60.0,0.0,0.0,0.0,10.0,0.0,0.0
0.0,1138.600548984015,0.0,0.0,0.4420081732603214,Rainy,4.0,0.0,1068.600548984015,0.0,0.0,0.0,60.0,0.0,0.0,0.0,10.0,0.0,0.0
0.0,1140.4279598214684,0.0,0.0,0.43167820985614147,Rainy,3.9999999999999996,0.0,1070.4279598214684,0.0,0.0,0.0,60.0,0.0,0.0,0.0,10.0,0.0,0.0
0.0,1139.7753439006183,0.0,0.0,0.4213541578280562,Rainy,3.9999999999999996,0.0,1069.7753439006183,0.0,0.0,0.0,60.0,0.0,0.0,0.0,10.0,0.0,0.0
0.0,1139.5580608009336,0.0,0.0,0.4110320739439898,Rainy,4.000000000000001,0.0,1069.5580608009336,0.0,0.0,0.0,60.0,0.0,0.0,0.0,10.0,0.0,0.0
0.0,1541.2283334000867,0.0,0.0,0.39707167237333685,Rainy,3.9999999999999996,0.0,1071.2283334000867,0.0,0.0,0.0,60.0,0.0,0.0,0.0,410.0,0.0,0.0
0.0,1541.5150154200946,0.0,0.0,0.3831086740452563,Rainy,3.855881092361451,0.0,1071.5150154200946,0.0,0.0,0.0,60.0,0.0,0.0,0.0,410.0,0.0,0.0
0.0,1538.938997704779,0.0,0.0,0.36916900921097384,Rainy,3.30213897937204,0.0,1068.938997704779,0.0,0.0,0.0,60.0,0.0,0.0,0.0,410.0,0.0,0.0
0.0,1538.8483635187106,0.0,0.0,0.3552301653385218,Rainy,2.888293808030229,0.0,1068.8483635187106,0.0,0.0,0.0,60.0,0.0,0.0,0.0,410.0,0.0,0.0
0.0,1539.4498966056967,0.0,0.0,0.34128587279680356,Rainy,2.5516039680913902,0.0,1069.4498966056967,0.0,0.0,0.0,60.0,0.0,0.0,0.0,410.0,0.0,0.0
0.0,1535.3961576705287,0.0,0.0,0.32737829890486037,Rainy,2.3054845691597645,0.0,1065.3961576705287,0.0,0.0,0.0,60.0,0.0,0.0,0.0,410.0,0.0,0.0
0.0,1136.969617875603,0.0,0.0,0.3170796610617843,Rainy,2.1135980787203246,0.0,1066.969617875603,0.0,0.0,0.0,60.0,0.0,0.0,0.0,10.0,0.0,0.0
0.0,1142.733748534889,0.0,0.0,0.3067288118902727,Rainy,1.979677373815894,0.0,1072.733748534889,0.0,0.0,0.0,60.0,0.0,0.0,0.0,10.0,0.0,0.0
0.0,1073.2899354270025,0.0,0.0,0.2966899537795209,Rainy,1.8476828229763655,0.0,1073.2899354270025,0.0,0.0,0.0,0.0,0.0,60.0,0.0,0.0,0.0,10.0
0.0,0.0,0.0,0.0,0.2966899537795209,Rainy,1.754491163040134,0.0,0.0,0.0,1069.5019279208873,0.0,0.0,0.0,60.0,0.0,0.0,0.0,10.0
0.0,0.0,0.0,0.0,0.2966899537795209,Rainy,1.754491163040134,0.0,0.0,0.0,1071.1531139261115,0.0,0.0,0.0,60.0,0.0,0.0,0.0,10.0
0.0,0.0,0.0,0.0,0.2966899537795209,Rainy,1.754491163040134,0.0,0.0,0.0,1070.6225003090872,0.0,0.0,0.0,60.0,0.0,0.0,0.0,10.0
0.0,0.0,0.0,0.0,0.2966899537795209,Rainy,1.754491163040134,0.0,0.0,0.0,1076.1577616169104,0.0,0.0,0.0,60.0,0.0,0.0,0.0,10.0
0.0,0.0,0.0,0.0,0.2966899537795209,Rainy,1.754491163040134,0.0,0.0,0.0,1072.2391498228692,0.0,0.0,0.0,60.0,0.0,0.0,0.0,10.0
0.0,0.0,0.0,0.0,0.2966899537795209,Rainy,1.754491163040134,0.0,0.0,0.0,1069.7441648170384,0.0,0.0,0.0,60.0,0.0,0.0,0.0,10.0
0.0,0.0,0.0,0.0,0.2966899537795209,Rainy,1.754491163040134,0.0,0.0,0.0,1068.0889191187991,0.0,0.0,0.0,60.0,0.0,0.0,0.0,10.0
0.0,0.0,0.0,0.0,0.2966899537795209,Rainy,1.754491163040134,0.0,0.0,0.0,1066.7871073594847,0.0,0.0,0.0,60.0,0.0,0.0,0.0,10.0
0.0,0.0,0.0,0.0,0.2966899537795209,Rainy,1.754491163040134,0.0,0.0,0.0,1070.4069272717345,0.0,0.0,0.0,60.0,0.0,0.0,0.0,10.0
0.0,0.0,0.0,0.0,0.2966899537795209,Rainy,1.754491163040134,0.0,0.0,0.0,1068.4872985094314,0.0,0.0,0.0,60.0,0.0,0.0,0.0,10.0
0.0,0.0,0.0,0.0,0.2966899537795209,Rainy,1.754491163040134,0.0,0.0,0.0,1067.1554925808045,0.0,0.0,0.0,60.0,0.0,0.0,0.0,10.0
0.0,0.0,0.0,0.0,0.2966899537795209,Rainy,1.754491163040134,0.0,0.0,0.0,1068.706854231515,0.0,0.0,0.0,60.0,0.0,0.0,0.0,10.0
0.0,0.0,0.0,0.0,0.2966899537795209,Rainy,1.754491163040134,0.0,0.0,0.0,1067.836903992771,0.0,0.0,0.0,60.0,0.0,0.0,0.0,10.0
0.0,0.0,0.0,0.0,0.2966899537795209,Rainy,1.754491163040134,0.0,0.0,0.0,1073.374283270145,0.0,0.0,0.0,60.0,0.0,0.0,0.0,10.0
0.0,0.0,0.0,0.0,0.2966899537795209,Rainy,1.754491163040134,0.0,0.0,0.0,1071.7632795138989,0.0,0.0,0.0,60.0,0.0,0.0,0.0,10.0
0.0,0.0,0.0,0.0,0.2966899537795209,Rainy,1.754491163040134,0.0,0.0,0.0,1069.9840547173667,0.0,0.0,0.0,60.0,0.0,0.0,0.0,10.0
0.0,0.0,0.0,0.0,0.2966899537795209,Rainy,1.754491163040134,0.0,0.0,0.0,1072.95988827778,0.0,0.0,0.0,60.0,0.0,0.0,0.0,10.0
0.0,0.0,0.0,0.0,0.2966899537795209,Rainy,1.754491163040134,0.0,0.0,0.0,1070.1547366152954,0.0,0.0,0.0,60.0,0.0,0.0,0.0,10.0
0.0,0.0,0.0,0.0,0.2966899537795209,Rainy,1.754491163040134,0.0,0.0,0.0,1068.2774315973434,0.0,0.0,0.0,60.0,0.0,0.0,0.0,10.0
0.0,0.0,0.0,0.0,0.2966899537795209,Rainy,1.754491163040134,0.0,0.0,0.0,1073.0462481545392,0.0,0.0,0.0,60.0,0.0,0.0,0.0,10.0
0.0,0.0,0.0,0.0,0.2966899537795209,Rainy,1.754491163040134,0.0,0.0,0.0,1071.0778200873692,0.0,0.0,0.0,60.0,0.0,0.0,0.0,10.0
0.0,0.0,0.0,0.0,0.2966899537795209,Rainy,1.754491163040134,0.0,0.0,0.0,1067.925507691347,0.0,0.0,0.0,60.0,0.0,0.0,0.0,10.0
0.0,0.0,0.0,0.0,0.2966899537795209,Rainy,1.754491163040134,0.0,0.0,0.0,1069.6193226438327,0.0,0.0,0.0,60.0,0.0,0.0,0.0,10.0
0.0,0.0,0.0,0.0,0.2966899537795209,Rainy,1.754491163040134,0.0,0.0,0.0,1068.2487634932304,0.0,0.0,0.0,60.0,0.0,0.0,0.0,10.0
0.0,0.0,0.0,0.0,0.2966899537795209,Rainy,1.9066296024170082,0.0,0.0,0.0,1067.2344005380714,0.0,0.0,0.0,60.0,0.0,0.0,0.0,10.0
0.0,0.0,0.0,0.0,0.2966899537795209,Rainy,2.0265173602391435,0.0,0.0,0.0,1071.8523550950633,0.0,0.0,0.0,60.0,0.0,0.0,0.0,10.0
0.0,0.0,0.0,0.0,0.2966899537795209,Rainy,2.1212920031243736,0.0,0.0,0.0,1073.8188332809402,0.0,0.0,0.0,60.0,0.0,0.0,0.0,10.0
0.0,0.0,0.0,0.0,0.2966899537795209,Rainy,2.1958662855977193,0.0,0.0,0.0,1067.2028648523617,0.0,0.0,0.0,60.0,0.0,0.0,0.0,10.0
0.0,0.0,0.0,0.0,0.2966899537795209,Rainy,2.286600228022325,0.0,0.0,0.0,1071.1259384733812,0.0,0.0,0.0,60.0,0.0,0.0,0.0,10.0
0.0,0.0,0.0,0.0,0.2966899537795209,Rainy,2.3591591475233833,0.0,0.0,0.0,1068.6987148617563,0.0,0.0,0.0,60.0,0.0,0.0,0.0,10.0
0.0,0.0,0.0,0.0,0.2966899537795209,Rainy,2.417144579978601,0.0,0.0,0.0,1069.0257492324706,0.0,0.0,0.0,60.0,0.0,0.0,0.0,10.0
0.0,0.0,0.0,0.0,0.2966899537795209,Rainy,2.4631157703921276,0.0,0.0,0.0,1068.8152121515222,0.0,0.0,0.0,60.0,0.0,0.0,0.0,10.0
0.0,0.0,0.0,0.0,0.2966899537795209,Rainy,2.4989120357998553,0.0,0.0,0.0,1068.2720184606405,0.0,0.0,0.0,60.0,0.0,0.0,0.0,10.0
0.0,0.0,0.0,0.0,0.2966899537795209,Rainy,2.5258562247758376,0.0,0.0,0.0,1070.0970432558897,0.0,0.0,0.0,60.0,0.0,0.0,0.0,10.0
0.0,0.0,0.0,0.0,0.2966899537795209,Rainy,2.5448857097926365,0.0,0.0,0.0,1068.338099767178,0.0,0.0,0.0,60.0,0.0,0.0,0.0,10.0
0.0,0.0,0.0,0.0,0.2966899537795209,Rainy,2.556637144413522,0.0,0.0,0.0,950.5409136515597,0.0,0.0,0.0,60.0,0.0,0.0,0.0,10.0
74.5864862330854,0.0,0.0,0.0,0.2966899537795209,Rainy,2.556637144413522,74.5864862330854,0.0,0.0,875.3130375480164,0.0,0.0,0.0,60.0,0.0,0.0,0.0,10.0
83.8073704241505,0.0,0.0,0.0,0.2966899537795209,Rainy,2.556637144413522,83.8073704241505,0.0,0.0,865.7147334821167,0.0,0.0,0.0,60.0,0.0,0.0,0.0,10.0
199.15692854058955,0.0,0.0,0.0,0.2966899537795209,Rainy,2.556637144413522,199.15692854058955,0.0,0.0,749.0279441353273,0.0,0.0,0.0,60.0,0.0,0.0,0.0,10.0
264.0419850599208,0.0,0.0,0.0,0.2966899537795209,Rainy,2.554723641113242,264.0419850599208,0.0,0.0,684.8044722789425,0.0,0.0,0.0,60.0,0.0,0.0,0.0,10.0
170.16121418745635,0.0,0.0,0.0,0.2966899537795209,Rainy,2.556637144413522,170.16121418745635,0.0,0.0,781.3495682641951,0.0,0.0,0.0,60.0,0.0,0.0,0.0,10.0
239.65558281024227,0.0,0.0,0.0,0.2966899537795209,Rainy,2.556637144413522,239.65558281024227,0.0,0.0,711.3462515650065,0.0,0.0,0.0,60.0,0.0,0.0,0.0,10.0
357.0976274524511,0.0,0.0,0.0,0.2966899537795209,Rainy,2.5160134023960885,357.0976274524511,0.0,0.0,590.9472620579518,0.0,0.0,0.0,60.0,0.0,0.0,0.0,10.0
463.66071418199755,0.0,0.0,0.0,0.2966899537795209,Rainy,2.421759218723151,463.66071418199755,0.0,0.0,486.53795042886094,0.0,0.0,0.0,60.0,0.0,0.0,0.0,10.0
600.5081338193786,0.0,0.0,0.0,0.2966899537795209,Rainy,2.420262520926646,600.5081338193786,0.0,0.0,350.99464042736497,0.0,0.0,0.0,60.0,0.0,0.0,0.0,10.0
527.7624317916728,0.0,0.0,0.0,0.2966899537795209,Rainy,2.385598252604872,527.7624317916728,0.0,0.0,418.8987576460844,0.0,0.0,0.0,60.0,0.0,0.0,0.0,410.0
442.26619807255946,0.0,0.0,0.0,0.2966899537795209,Rainy,2.4457570837283384,442.26619807255946,0.0,0.0,508.82052231220035,0.0,0.0,0.0,60.0,0.0,0.0,0.0,410.0
773.1264344173787,0.0,0.0,0.0,0.2966899537795209,Rainy,5.0,773.1264344173787,0.0,0.0,175.54831806472953,0.0,0.0,0.0,60.0,0.0,0.0,0.0,410.0
805.9173485635916,0.0,0.0,0.0,0.2966899537795209,Rainy,5.0,805.9173485635916,0.0,0.0,145.22384877359468,0.0,0.0,0.0,60.0,0.0,0.0,0.0,410.0
779.7519821581495,0.0,0.0,0.0,0.2966899537795209,Rainy,5.0,779.7519821581495,0.0,0.0,168.72149952876543,0.0,0.0,0.0,60.0,0.0,0.0,0.0,410.0
614.365716986437,0.0,0.0,0.0,0.2966899537795209,Rainy,2.426908777064075,614.365716986437,0.0,0.0,332.02451881223396,0.0,0.0,0.0,60.0,0.0,0.0,0.0,410.0
912.7578733256927,0.0,0.0,0.0,0.2966899537795209,Rainy,5.0,912.7578733256927,0.0,0.0,33.987041798540986,0.0,0.0,0.0,60.0,0.0,0.0,0.0,10.0
856.3125725180377,0.0,0.0,0.0,0.2966899537795209,Rainy,5.0,856.3125725180377,0.0,0.0,93.78359737528513,0.0,0.0,0.0,60.0,0.0,0.0,0.0,10.0
905.3973939777651,0.0,0.0,0.0,0.2966899537795209,Rainy,5.0,905.3973939777651,0.0,0.0,45.12205102567782,0.0,0.0,0.0,60.0,0.0,0.0,0.0,10.0
1018.1913667497912,0.0,0.0,0.0,0.30056719722446823,Rainy,5.0,948.1913667497912,0.0,0.0,0.0,60.0,0.0,0.0,0.0,10.0,0.0,0.0,0.0
1021.2771849175548,0.0,0.0,0.0,0.301247335578405,Rainy,3.9999999999999996,951.2771849175548,0.0,0.0,0.0,60.0,0.0,0.0,0.0,10.0,0.0,0.0,0.0
1376.7738171533085,39.903142722153575,0.0,0.0,0.3008858940682405,Rainy,3.9999999999999907,946.6769598754621,0.0,0.0,0.0,60.0,0.0,0.0,0.0,370.0968572778464,39.903142722153575,0.0,0.0
1419.8678404027055,0.0,0.0,0.0,0.30097427969593027,Rainy,4.0,949.8678404027054,0.0,0.0,0.0,60.0,0.0,0.0,0.0,410.0,0.0,0.0,0.0
1390.0129202599962,27.565047340478827,0.0,0.0,0.30072459629610704,Cloudy,4.011036552866454,947.5779676004751,0.0,0.0,0.0,60.0,0.0,0.0,0.0,382.4349526595212,27.565047340478827,0.0,0.0
997.4965368650792,0.0,0.0,0.0,0.2998586552140449,Cloudy,4.010028687415843,948.6963277843956,0.0,0.0,0.0,48.800209080683544,0.0,0.0,191.19979091931646,0.0,0.0,0.0,410.0
1198.5053512294448,0.0,0.0,0.0,0.2998586552140449,Cloudy,4.000000000000001,950.0947973426328,0.0,0.0,0.0,240.0,0.0,0.0,0.0,8.410553886812068,0.0,0.0,401.58944611318793
871.377854863877,0.0,0.0,0.0,0.2998586552140449,Cloudy,4.0,871.377854863877,0.0,0.0,76.90131840555512,0.0,0.0,0.0,240.0,0.0,0.0,0.0,410.0
1028.2497150438244,0.0,0.0,0.0,0.2998586552140449,Cloudy,4.0,949.2308889115403,0.0,0.0,0.0,79.01882613228406,0.0,0.0,160.98117386771594,0.0,0.0,0.0,10.0
1138.7893338949975,0.0,0.0,0.0,0.2998586552140449,Cloudy,3.999999999999999,952.0125856184288,0.0,0.0,0.0,186.7767482765687,0.0,0.0,53.223251723431304,0.0,0.0,0.0,10.0
1198.8462162609537,0.0,0.0,0.0,0.3044975418116345,Cloudy,4.0,948.8462162609537,0.0,0.0,0.0,240.0,0.0,0.0,0.0,10.0,0.0,0.0,0.0
1046.569988105268,155.10139611886223,0.0,0.0,0.30309263786128254,Cloudy,4.06793258537685,951.6713842241303,0.0,0.0,0.0,94.89860388113777,145.10139611886223,0.0,0.0,0.0,10.0,0.0,0.0
1197.7405862906849,0.0,0.0,0.0,0.30324931029155283,Cloudy,4.036456195646525,947.7405862906847,0.0,0.0,0.0,240.0,0.0,0.0,0.0,10.0,0.0,0.0,0.0
1201.0596083558307,0.0,0.0,0.0,0.30747987573301055,Cloudy,4.036365447423628,951.0596083558306,0.0,0.0,0.0,240.0,0.0,0.0,0.0,10.0,0.0,0.0,0.0
1202.8831372413158,0.0,0.0,0.0,0.31084641191265766,Cloudy,4.081984608612813,952.8831372413158,0.0,0.0,0.0,240.0,0.0,0.0,0.0,10.0,0.0,0.0,0.0
1195.0567109997455,0.0,0.0,0.0,0.31733886048161813,Cloudy,4.123055713394584,945.0567109997454,0.0,0.0,0.0,240.0,0.0,0.0,0.0,10.0,0.0,0.0,0.0
1198.4062094890592,0.0,0.0,0.0,0.3240651954573848,Cloudy,4.286239725526485,948.406209489059,0.0,0.0,0.0,240.0,0.0,0.0,0.0,10.0,0.0,0.0,0.0
1201.1541442543612,0.0,0.0,0.0,0.3297475932593236,Cloudy,4.24796467950759,951.1541442543611,0.0,0.0,0.0,240.0,0.0,0.0,0.0,10.0,0.0,0.0,0.0
1199.593909227914,0.0,0.0,0.0,0.3309132696244769,Cloudy,4.302308613212397,949.593909227914,0.0,0.0,0.0,240.0,0.0,0.0,0.0,10.0,0.0,0.0,0.0
1200.7422917467425,0.0,0.0,0.0,0.3331212529657486,Cloudy,4.31341478805699,950.7422917467426,0.0,0.0,0.0,240.0,0.0,0.0,0.0,10.0,0.0,0.0,0.0
1198.7920296265684,0.0,0.0,0.0,0.3350412389490209,Cloudy,4.334455533136416,948.7920296265684,0.0,0.0,0.0,240.0,0.0,0.0,0.0,10.0,0.0,0.0,0.0
1200.1731795749458,0.0,0.0,0.0,0.34015781642399995,Cloudy,4.352783252389479,950.1731795749458,0.0,0.0,0.0,240.0,0.0,0.0,0.0,10.0,0.0,0.0,0.0
1199.6886455292158,0.0,0.0,0.0,0.35258814685095147,Cloudy,4.837801959721832,949.6886455292158,0.0,0.0,0.0,240.0,0.0,0.0,0.0,10.0,0.0,0.0,0.0
1202.3355641233197,0.0,0.0,0.0,0.35825355177825796,Cloudy,4.526387290633457,952.3355641233196,0.0,0.0,0.0,240.0,0.0,0.0,0.0,10.0,0.0,0.0,0.0
1200.5088416866024,0.0,0.0,0.0,0.3685513184381179,Cloudy,5.095388992263361,950.5088416866024,0.0,0.0,0.0,240.0,0.0,0.0,0.0,10.0,0.0,0.0,0.0
1200.6752053241503,0.0,0.0,0.0,0.37891339949810304,Cloudy,5.2029684736863056,950.6752053241504,0.0,0.0,0.0,240.0,0.0,0.0,0.0,10.0,0.0,0.0,0.0
1199.176246067755,0.0,0.0,0.0,0.3837355248961796,Cloudy,4.780814852251026,949.1762460677551,0.0,0.0,0.0,240.0,0.0,0.0,0.0,10.0,0.0,0.0,0.0
1199.0247875518548,0.0,0.0,0.0,0.38783357535249025,Cloudy,4.828150473248581,949.024787551855,0.0,0.0,0.0,240.0,0.0,0.0,0.0,10.0,0.0,0.0,0.0
1199.1348836243608,0.0,0.0,0.0,0.40141158707440033,Cloudy,5.509197614020599,949.1348836243608,0.0,0.0,0.0,240.0,0.0,0.0,0.0,10.0,0.0,0.0,0.0
1200.7889042847564,0.0,0.0,0.0,0.41721589984885105,Cloudy,5.927683150079633,950.7889042847565,0.0,0.0,0.0,240.0,0.0,0.0,0.0,10.0,0.0,0.0,0.0
1199.1580310383595,0.0,0.0,0.0,0.4246867542283244,Cloudy,5.212838693089196,949.1580310383595,0.0,0.0,0.0,240.0,0.0,0.0,0.0,10.0,0.0,0.0,0.0
1200.5795497137929,0.0,0.0,0.0,0.42917335817361385,Cloudy,5.000000000000001,950.5795497137929,0.0,0.0,0.0,240.0,0.0,0.0,0.0,10.0,0.0,0.0,0.0
1204.1508015972909,0.0,0.0,0.0,0.43435947606696873,Cloudy,5.000000000000001,954.1508015972909,0.0,0.0,0.0,240.0,0.0,0.0,0.0,10.0,0.0,0.0,0.0
1201.7422494068633,0.0,0.0,0.0,0.4447111015266411,Cloudy,5.501190335272942,951.7422494068634,0.0,0.0,0.0,240.0,0.0,0.0,0.0,10.0,0.0,0.0,0.0
1199.3479529356644,0.0,0.0,0.0,0.4584998996271818,Cloudy,5.724472875700116,949.3479529356644,0.0,0.0,0.0,240.0,0.0,0.0,0.0,10.0,0.0,0.0,0.0
1202.402427844328,0.0,0.0,0.0,0.46697198085867103,Cloudy,5.3297963042468615,952.4024278443279,0.0,0.0,0.0,240.0,0.0,0.0,0.0,10.0,0.0,0.0,0.0
1199.1838492539569,0.0,0.0,0.0,0.4803876090897718,Cloudy,5.708262206977049,949.1838492539569,0.0,0.0,0.0,240.0,0.0,0.0,0.0,10.0,0.0,0.0,0.0
1195.9237509296443,0.0,0.0,0.0,0.4880270886383002,Cloudy,5.2171960200284,945.9237509296443,0.0,0.0,0.0,240.0,0.0,0.0,0.0,10.0,0.0,0.0,0.0
1197.9838273781652,0.0,0.0,0.0,0.49628226629400024,Cloudy,5.300810438520956,947.9838273781652,0.0,0.0,0.0,240.0,0.0,0.0,0.0,10.0,0.0,0.0,0.0
1196.2584161579484,0.0,0.0,0.0,0.5079048611783212,Cloudy,5.589856285616936,946.2584161579483,0.0,0.0,0.0,240.0,0.0,0.0,0.0,10.0,0.0,0.0,0.0
1199.2969730319173,0.0,0.0,0.0,0.5113197606567794,Cloudy,5.000000000000001,949.2969730319173,0.0,0.0,0.0,240.0,0.0,0.0,0.0,10.0,0.0,0.0,0.0
1200.0368367583792,0.0,0.0,0.0,0.5185714628262941,Cloudy,5.161411180769742,950.0368367583791,0.0,0.0,0.0,240.0,0.0,0.0,0.0,10.0,0.0,0.0,0.0
1203.3528746245506,0.0,0.0,0.0,0.5312230159288529,Cloudy,5.661629987914029,953.3528746245505,0.0,0.0,0.0,240.0,0.0,0.0,0.0,10.0,0.0,0.0,0.0
1200.6538547475284,0.0,0.0,0.0,0.553093057836608,Cloudy,6.000000000000001,950.6538547475283,0.0,0.0,0.0,240.0,0.0,0.0,0.0,10.0,0.0,0.0,0.0
1199.5617989423822,0.0,0.0,0.0,0.5565747936987502,Cloudy,4.999999999999999,949.5617989423823,0.0,0.0,0.0,240.0,0.0,0.0,0.0,10.0,0.0,0.0,0.0
1201.6588111623669,0.0,0.0,0.0,0.5660156730299386,Cloudy,5.425512439110364,951.658811162367,0.0,0.0,0.0,240.0,0.0,0.0,0.0,10.0,0.0,0.0,0.0
1195.5777293819842,0.0,0.0,0.0,0.5740778743309687,Cloudy,5.278254906265138,945.5777293819842,0.0,0.0,0.0,240.0,0.0,0.0,0.0,10.0,0.0,0.0,0.0
1200.4712291162173,0.0,0.0,0.0,0.5824807523472171,Cloudy,5.326354524019168,950.4712291162172,0.0,0.0,0.0,240.0,0.0,0.0,0.0,10.0,0.0,0.0,0.0
1201.541730387774,0.0,0.0,0.0,0.5982500485752804,Cloudy,5.92832831182259,951.5417303877739,0.0,0.0,0.0,240.0,0.0,0.0,0.0,10.0,0.0,0.0,0.0
1197.0428275084403,0.0,0.0,0.0,0.6066903373453694,Cloudy,5.355870692259871,947.0428275084403,0.0,0.0,0.0,240.0,0.0,0.0,0.0,10.0,0.0,0.0,0.0
1202.2875080864137,0.0,0.0,0.0,0.6123639646597234,Cloudy,5.073605050825472,952.2875080864138,0.0,0.0,0.0,240.0,0.0,0.0,0.0,10.0,0.0,0.0,0.0
1200.6769928149888,0.0,0.0,0.0,0.6284236963930501,Cloudy,5.969391770515149,950.6769928149888,0.0,0.0,0.0,240.0,0.0,0.0,0.0,10.0,0.0,0.0,0.0
1199.1694241721984,0.0,0.0,0.0,0.6377863485518764,Cloudy,5.499999999999999,949.1694241721984,0.0,0.0,0.0,240.0,0.0,0.0,0.0,10.0,0.0,0.0,0.0
1261.2655637322125,0.0,0.0,0.0,0.6452037234316841,Cloudy,5.379097088393849,951.2655637322125,0.0,0.0,0.0,300.0,0.0,0.0,0.0,10.0,0.0,0.0,0.0
1264.5413857156088,0.0,0.0,0.0,0.6532074202368203,Cloudy,5.48996074665485,954.5413857156088,0.0,0.0,0.0,300.0,0.0,0.0,0.0,10.0,0.0,0.0,0.0
1260.363732510117,0.0,0.0,0.0,0.6676591752441019,Cloudy,5.6869471323335405,950.363732510117,0.0,0.0,0.0,300.0,0.0,0.0,0.0,10.0,0.0,0.0,0.0
1260.4964411726007,0.0,0.0,0.0,0.6717600993773254,Cloudy,5.672983915100827,950.4964411726007,0.0,0.0,0.0,300.0,0.0,0.0,0.0,10.0,0.0,0.0,0.0
1259.0812782009195,0.0,0.0,0.0,0.6794548170029318,Cloudy,5.712066710951415,949.0812782009195,0.0,0.0,0.0,300.0,0.0,0.0,0.0,10.0,0.0,0.0,0.0
1258.3003112610704,0.0,0.0,0.0,0.691169058720305,Cloudy,5.7679266986012,948.3003112610704,0.0,0.0,0.0,300.0,0.0,0.0,0.0,10.0,0.0,0.0,0.0
1261.6606716330884,0.0,0.0,0.0,0.6997829895434933,Cloudy,5.903807093829456,951.6606716330884,0.0,0.0,0.0,300.0,0.0,0.0,0.0,10.0,0.0,0.0,0.0
1258.2878323481823,0.0,0.0,0.0,0.7102504273601975,Cloudy,5.9973824834103215,948.2878323481823,0.0,0.0,0.0,300.0,0.0,0.0,0.0,10.0,0.0,0.0,0.0
1260.1431324744387,0.0,0.0,0.0,0.7142791518493177,Cloudy,6.000000000000001,950.1431324744387,0.0,0.0,0.0,300.0,0.0,0.0,0.0,10.0,0.0,0.0,0.0
1259.0446851064698,0.0,0.0,0.0,0.7213717773493533,Cloudy,5.999999999999999,949.0446851064697,0.0,0.0,0.0,300.0,0.0,0.0,0.0,10.0,0.0,0.0,0.0
1260.9579596514927,0.0,0.0,0.0,0.7382498798440598,Cloudy,5.0,950.9579596514927,0.0,0.0,0.0,300.0,0.0,0.0,0.0,10.0,0.0,0.0,0.0
1260.667324210574,0.0,0.0,0.0,0.740938192064805,Cloudy,6.0,950.667324210574,0.0,0.0,0.0,300.0,0.0,0.0,0.0,10.0,0.0,0.0,0.0
1262.0750798885158,0.0,0.0,0.0,0.7542077926755038,Cloudy,6.000000000000001,952.0750798885158,0.0,0.0,0.0,300.0,0.0,0.0,0.0,10.0,0.0,0.0,0.0
1258.9799672022905,0.0,0.0,0.0,0.7714814016856848,Cloudy,5.0,948.9799672022905,0.0,0.0,0.0,300.0,0.0,0.0,0.0,10.0,0.0,0.0,0.0
1259.4602501294132,0.0,0.0,0.0,0.7802914312591509,Cloudy,6.0,949.4602501294132,0.0,0.0,0.0,300.0,0.0,0.0,0.0,10.0,0.0,0.0,0.0
1258.0424725684354,0.0,0.0,0.0,0.7906092960222166,Cloudy,6.000000000000001,948.0424725684354,0.0,0.0,0.0,300.0,0.0,0.0,0.0,10.0,0.0,0.0,0.0
1259.1114134798477,0.0,0.0,0.0,0.7975375366444379,Cloudy,5.999999999999999,949.1114134798478,0.0,0.0,0.0,300.0,0.0,0.0,0.0,10.0,0.0,0.0,0.0
1260.7546009860898,0.0,0.0,0.0,0.8109139261780944,Cloudy,6.0,950.7546009860897,0.0,0.0,0.0,300.0,0.0,0.0,0.0,10.0,0.0,0.0,0.0
1261.5139772332907,0.0,0.0,0.0,0.8215141297932769,Cloudy,6.0,951.5139772332907,0.0,0.0,0.0,300.0,0.0,0.0,0.0,10.0,0.0,0.0,0.0
1258.1556693516447,0.0,0.0,0.0,0.8251475956774226,Cloudy,6.000000000000001,948.1556693516447,0.0,0.0,0.0,300.0,0.0,0.0,0.0,10.0,0.0,0.0,0.0
1261.7392118402113,0.0,0.0,0.0,0.830458293470516,Cloudy,6.0,951.7392118402113,0.0,0.0,0.0,300.0,0.0,0.0,0.0,10.0,0.0,0.0,0.0
1262.7112757176099,0.0,0.0,0.0,0.8457463970315051,Cloudy,6.000000000000001,952.7112757176099,0.0,0.0,0.0,300.0,0.0,0.0,0.0,10.0,0.0,0.0,0.0
1260.8268698064473,0.0,0.0,0.0,0.8502649297482845,Cloudy,6.0,950.8268698064473,0.0,0.0,0.0,300.0,0.0,0.0,0.0,10.0,0.0,0.0,0.0
1263.753591625116,0.0,0.0,0.0,0.8592981872043777,Cloudy,5.999999999999999,953.7535916251161,0.0,0.0,0.0,300.0,0.0,0.0,0.0,10.0,0.0,0.0,0.0
1258.4524216017928,0.0,0.0,0.0,0.8649952282884963,Cloudy,6.000000000000001,948.4524216017928,0.0,0.0,0.0,300.0,0.0,0.0,0.0,10.0,0.0,0.0,0.0
1257.5106905933771,0.0,0.0,0.0,0.8738368473246794,Cloudy,6.0,947.5106905933771,0.0,0.0,0.0,300.0,0.0,0.0,0.0,10.0,0.0,0.0,0.0
1256.4425595021914,0.0,0.0,0.0,0.8853357060911387,Cloudy,6.0,946.4425595021914,0.0,0.0,0.0,300.0,0.0,0.0,0.0,10.0,0.0,0.0,0.0
1165.9362434299005,97.05584519307786,0.0,0.0,0.8844565770585926,Cloudy,5.724320171631894,952.9920886229784,0.0,0.0,0.0,212.94415480692214,87.05584519307786,0.0,0.0,0.0,10.0,0.0,0.0
1261.308731312708,0.0,0.0,0.0,0.8949177078914781,Cloudy,6.000000000000001,951.3087313127081,0.0,0.0,0.0,300.0,0.0,0.0,0.0,10.0,0.0,0.0,0.0
1259.8888306581791,0.0,0.0,0.0,0.9019178412717326,Cloudy,5.999999999999999,949.8888306581791,0.0,0.0,0.0,300.0,0.0,0.0,0.0,10.0,0.0,0.0,0.0
1260.5599372526397,0.0,0.0,0.0,0.9136045944941926,Cloudy,6.0,950.5599372526397,0.0,0.0,0.0,300.0,0.0,0.0,0.0,10.0,0.0,0.0,0.0
1257.7490219054032,0.0,0.0,0.0,0.9136428220595529,Cloudy,5.964274034160337,947.7490219054032,0.0,0.0,0.0,300.0,0.0,0.0,0.0,10.0,0.0,0.0,0.0
1264.8915039592337,0.0,0.0,0.0,0.9158717110132031,Cloudy,6.0,954.8915039592337,0.0,0.0,0.0,300.0,0.0,0.0,0.0,10.0,0.0,0.0,0.0
1260.2584423639505,0.0,0.0,0.0,0.9168174770167259,Cloudy,6.0,950.2584423639505,0.0,0.0,0.0,300.0,0.0,0.0,0.0,10.0,0.0,0.0,0.0
1260.2187895892098,0.0,0.0,0.0,0.9236700777349705,Cloudy,6.0,950.2187895892098,0.0,0.0,0.0,300.0,0.0,0.0,0.0,10.0,0.0,0.0,0.0
1261.4515332477972,0.0,0.0,0.0,0.9250660163405577,Cloudy,5.999999999999999,951.4515332477973,0.0,0.0,0.0,300.0,0.0,0.0,0.0,10.0,0.0,0.0,0.0
1260.9620184634734,0.0,0.0,0.0,0.9287578954006466,Cloudy,6.000000000000001,950.9620184634734,0.0,0.0,0.0,300.0,0.0,0.0,0.0,10.0,0.0,0.0,0.0
1072.824794904059,187.62297314449927,0.0,0.0,0.9270584119482508,Cloudy,5.532426115220992,950.4477680485583,0.0,0.0,0.0,122.37702685550073,177.62297314449927,0.0,0.0,0.0,10.0,0.0,0.0
1258.4190510891094,0.0,0.0,0.0,0.9303380074184295,Cloudy,6.0,948.4190510891094,0.0,0.0,0.0,300.0,0.0,0.0,0.0,10.0,0.0,0.0,0.0
1260.942936714272,0.0,0.0,0.0,0.9393244107292451,Cloudy,5.999999999999999,950.942936714272,0.0,0.0,0.0,300.0,0.0,0.0,0.0,10.0,0.0,0.0,0.0
1263.76404899295,0.0,0.0,0.0,0.9405318859820104,Cloudy,5.999999999999999,953.76404899295,0.0,0.0,0.0,300.0,0.0,0.0,0.0,10.0,0.0,0.0,0.0
1262.6908400923098,0.0,0.0,0.0,0.9469074057292828,Cloudy,6.000000000000001,952.6908400923099,0.0,0.0,0.0,300.0,0.0,0.0,0.0,10.0,0.0,0.0,0.0
1217.6082570487176,45.578116204561184,0.0,0.0,0.9464945604738066,Cloudy,5.844553926091501,953.1863732532788,0.0,0.0,0.0,264.4218837954388,35.578116204561184,0.0,0.0,0.0,10.0,0.0,0.0
1258.9775686471376,0.0,0.0,0.0,0.9492284540589049,Cloudy,6.000000000000001,948.9775686471377,0.0,0.0,0.0,300.0,0.0,0.0,0.0,10.0,0.0,0.0,0.0
1258.0207903594828,0.0,0.0,668.9889301807709,0.9517929116245978,Cloudy,6.0,948.0207903594828,0.0,0.0,0.0,300.0,0.0,0.0,0.0,10.0,0.0,0.0,0.0
1259.7484261598006,0.0,0.0,52.1022225828666,0.9517929116245978,Cloudy,6.000000000000002,949.7484261598007,0.0,0.0,0.0,300.0,0.0,0.0,0.0,10.0,0.0,0.0,0.0
884.5483016260772,375.56314819850013,0.0,0.0,0.948391071514104,Cloudy,5.207831913625755,884.5483016260772,65.56314819850013,0.0,0.0,0.0,300.0,0.0,0.0,0.0,10.0,0.0,0.0
1262.188383036942,0.0,0.0,568.1274295226098,0.950568893327274,Cloudy,6.0,952.1883830369419,0.0,0.0,0.0,300.0,0.0,0.0,0.0,10.0,0.0,0.0,0.0
1256.6150707405704,0.0,0.0,161.44999090642557,0.950568893327274,Cloudy,6.0,946.6150707405703,0.0,0.0,0.0,300.0,0.0,0.0,0.0,10.0,0.0,0.0,0.0
1263.0591006389213,0.0,0.0,203.5754388261247,0.950568893327274,Cloudy,6.0,953.0591006389212,0.0,0.0,0.0,300.0,0.0,0.0,0.0,10.0,0.0,0.0,0.0
748.9004932273041,510.7834909755379,0.0,0.0,0.9459422312713361,Cloudy,4.861286764223576,748.9004932273041,200.78349097553792,0.0,0.0,0.0,300.0,0.0,0.0,0.0,10.0,0.0,0.0
1146.379135604503,112.76710225560214,0.0,0.0,0.9449207901277166,Cloudy,5.389820711678959,949.1462378601052,0.0,0.0,0.0,197.23289774439786,102.76710225560214,0.0,0.0,0.0,10.0,0.0,0.0
831.9691371076659,426.0066541418138,0.0,0.0,0.9410620342025189,Cloudy,4.8622795182377185,831.9691371076659,116.00665414181378,0.0,0.0,0.0,300.0,0.0,0.0,0.0,10.0,0.0,0.0
1256.6902866562684,0.0,0.0,0.0,0.9424922927146198,Cloudy,6.0,946.6902866562684,0.0,0.0,0.0,300.0,0.0,0.0,0.0,10.0,0.0,0.0,0.0
1152.8275782648534,108.81876290307048,0.0,0.0,0.9415066155144107,Cloudy,5.341220363908099,951.6463411679239,0.0,0.0,0.0,201.18123709692952,98.81876290307048,0.0,0.0,0.0,10.0,0.0,0.0
794.1858293807304,465.9608065536464,0.0,0.0,0.9372859560347582,Cloudy,4.693699880883124,794.1858293807304,155.96080655364642,0.0,0.0,0.0,300.0,0.0,0.0,0.0,10.0,0.0,0.0
968.3234882100815,289.0965899904364,0.0,0.0,0.9346673275022361,Cloudy,4.869102851074579,947.4200782005179,0.0,0.0,0.0,20.903410009563572,279.0965899904364,0.0,0.0,0.0,10.0,0.0,0.0
465.4197495241971,791.9900929316757,0.0,0.0,0.9274935041966956,Cloudy,4.631868131868132,465.4197495241971,481.9900929316757,0.0,0.0,0.0,300.0,0.0,0.0,0.0,10.0,0.0,0.0
707.8218362857399,551.5065943156799,0.0,0.0,0.9224979734510825,Cloudy,4.594557908141705,707.8218362857399,241.50659431567988,0.0,0.0,0.0,300.0,0.0,0.0,0.0,10.0,0.0,0.0
1147.8920669585764,115.44597609200241,0.0,0.0,0.9214522671459013,Cloudy,5.321289405743383,953.3380430505788,0.0,0.0,0.0,194.5540239079976,105.44597609200241,0.0,0.0,0.0,10.0,0.0,0.0
826.5095865640479,432.97123073322484,0.0,0.0,0.9175304262878106,Rainy,4.999999999999999,826.5095865640479,122.97123073322484,0.0,0.0,0.0,300.0,0.0,0.0,0.0,10.0,0.0,0.0
483.6945663157253,773.2991477780384,0.0,0.0,0.9105259050217052,Rainy,4.209029676351468,483.6945663157253,463.29914777803845,0.0,0.0,0.0,300.0,0.0,0.0,0.0,10.0,0.0,0.0
327.46682590509766,932.0416879667305,0.0,0.0,0.9020834984278037,Rainy,4.0,327.46682590509766,622.0416879667305,0.0,0.0,0.0,300.0,0.0,0.0,0.0,10.0,0.0,0.0
614.7223011071217,644.732251753383,0.0,0.0,0.8962435323793128,Rainy,4.532055112603212,614.7223011071217,334.732251753383,0.0,0.0,0.0,300.0,0.0,0.0,0.0,10.0,0.0,0.0
371.97819293054505,882.6280337835717,0.0,0.0,0.8882487132327224,Rainy,4.0,371.97819293054505,572.6280337835717,0.0,0.0,0.0,300.0,0.0,0.0,0.0,10.0,0.0,0.0
227.09657408689867,1032.7948361800657,0.0,0.0,0.8788936875426854,Rainy,4.0,227.09657408689867,722.7948361800657,0.0,0.0,0.0,300.0,0.0,0.0,0.0,10.0,0.0,0.0
410.6512909110609,848.8868400285216,0.0,0.0,0.8712044951511226,Rainy,4.008366498827674,410.6512909110609,538.8868400285216,0.0,0.0,0.0,300.0,0.0,0.0,0.0,10.0,0.0,0.0
310.5072439590667,950.8851687705601,0.0,0.0,0.8625914048542878,Rainy,4.0,310.5072439590667,640.8851687705601,0.0,0.0,0.0,300.0,0.0,0.0,0.0,10.0,0.0,0.0
229.1337929408662,1034.5641192490243,0.0,0.0,0.8532203530494957,Rainy,4.0,229.1337929408662,724.5641192490244,0.0,0.0,0.0,300.0,0.0,0.0,0.0,10.0,0.0,0.0
172.78103022374984,1089.4720998353457,0.0,0.0,0.8433519463480885,Rainy,4.0,172.78103022374984,779.4720998353457,0.0,0.0,0.0,300.0,0.0,0.0,0.0,10.0,0.0,0.0
116.70286259509226,1142.759360023798,0.0,0.0,0.8330008651884526,Rainy,4.0,116.70286259509226,832.7593600237981,0.0,0.0,0.0,300.0,0.0,0.0,0.0,10.0,0.0,0.0
48.090272970236974,1209.6966752122798,0.0,0.0,0.8220434677680515,Rainy,4.0,48.090272970236974,899.6966752122797,0.0,0.0,0.0,300.0,0.0,0.0,0.0,10.0,0.0,0.0
2.2632335224714577e-13,1385.1467196064993,0.0,0.0,0.8094968489310361,Rainy,4.0,2.2632335224714577e-13,1075.1467196064993,0.0,0.0,0.0,300.0,0.0,0.0,0.0,10.0,0.0,0.0
0.0,1140.118436868029,0.0,0.0,0.7991696891767968,Rainy,4.0,0.0,1070.118436868029,0.0,0.0,0.0,60.0,0.0,0.0,0.0,10.0,0.0,0.0
0.0,1140.027858583826,0.0,0.0,0.7888433498780303,Rainy,4.0,0.0,1070.027858583826,0.0,0.0,0.0,60.0,0.0,0.0,0.0,10.0,0.0,0.0
0.0,1139.95174982578,0.0,0.0,0.7785176999701882,Rainy,3.999999999999999,0.0,1069.95174982578,0.0,0.0,0.0,60.0,0.0,0.0,0.0,10.0,0.0,0.0
0.0,1140.3961695215357,0.0,0.0,0.7681880245216235,Rainy,3.9999999999999996,0.0,1070.3961695215357,0.0,0.0,0.0,60.0,0.0,0.0,0.0,10.0,0.0,0.0
0.0,1139.711279176152,0.0,0.0,0.7578645527899555,Rainy,4.0,0.0,1069.711279176152,0.0,0.0,0.0,60.0,0.0,0.0,0.0,10.0,0.0,0.0
0.0,1138.8526759862395,0.0,0.0,0.7475488582610947,Rainy,4.0,0.0,1068.8526759862395,0.0,0.0,0.0,60.0,0.0,0.0,0.0,10.0,0.0,0.0
0.0,1138.9062821175194,0.0,0.0,0.7372326781694505,Rainy,4.0,0.0,1068.9062821175194,0.0,0.0,0.0,60.0,0.0,0.0,0.0,10.0,0.0,0.0
0.0,1139.9344934595679,0.0,0.0,0.7269071845692732,Rainy,4.0,0.0,1069.9344934595679,0.0,0.0,0.0,60.0,0.0,0.0,0.0,10.0,0.0,0.0
0.0,1138.9131504577326,0.0,0.0,0.7165909422644023,Rainy,4.000000000000001,0.0,1068.9131504577326,0.0,0.0,0.0,60.0,0.0,0.0,0.0,10.0,0.0,0.0
0.0,1138.5743084346457,0.0,0.0,0.7062777691807551,Rainy,4.0,0.0,1068.5743084346457,0.0,0.0,0.0,60.0,0.0,0.0,0.0,10.0,0.0,0.0
0.0,1140.2128604553836,0.0,0.0,0.6959497541403985,Rainy,4.0,0.0,1070.2128604553836,0.0,0.0,0.0,60.0,0.0,0.0,0.0,10.0,0.0,0.0
0.0,1209.4900455651582,0.0,0.0,0.6849942283653518,Rainy,4.0,0.0,1069.4900455651582,0.0,0.0,0.0,60.0,0.0,0.0,0.0,80.0,0.0,0.0
0.0,1213.0079859771654,0.0,0.0,0.6740068371880226,Rainy,4.000000000000001,0.0,1073.0079859771654,0.0,0.0,0.0,60.0,0.0,0.0,0.0,80.0,0.0,0.0
0.0,1204.698060383214,0.0,0.0,0.6630947170758559,Rainy,4.0,0.0,1064.698060383214,0.0,0.0,0.0,60.0,0.0,0.0,0.0,80.0,0.0,0.0
0.0,1212.183013703845,0.0,0.0,0.6521147984734661,Rainy,4.0,0.0,1072.183013703845,0.0,0.0,0.0,60.0,0.0,0.0,0.0,80.0,0.0,0.0
0.0,1612.4921703849952,0.0,0.0,0.6375088911330224,Rainy,4.0,0.0,1072.4921703849952,0.0,0.0,0.0,60.0,0.0,0.0,0.0,480.0,0.0,0.0
0.0,1605.8532195351836,0.0,0.0,0.6229631192169429,Rainy,4.0,0.0,1065.8532195351836,0.0,0.0,0.0,60.0,0.0,0.0,0.0,480.0,0.0,0.0
0.0,1609.3146248118392,0.0,0.0,0.6083859939921981,Rainy,4.0,0.0,1069.3146248118392,0.0,0.0,0.0,60.0,0.0,0.0,0.0,480.0,0.0,0.0
0.0,1609.2571182680085,0.0,0.0,0.5938093896600602,Rainy,4.0,0.0,1069.2571182680085,0.0,0.0,0.0,60.0,0.0,0.0,0.0,480.0,0.0,0.0
0.0,1607.1849766105643,0.0,0.0,0.5792515547269936,Rainy,4.0,0.0,1067.1849766105643,0.0,0.0,0.0,60.0,0.0,0.0,0.0,480.0,0.0,0.0
0.0,1608.4443666248183,0.0,0.0,0.5646823122756819,Rainy,4.0,0.0,1068.4443666248183,0.0,0.0,0.0,60.0,0.0,0.0,0.0,480.0,0.0,0.0
0.0,1207.7788483090685,0.0,0.0,0.553742286475781,Rainy,4.0,0.0,1067.7788483090685,0.0,0.0,0.0,60.0,0.0,0.0,0.0,80.0,0.0,0.0
0.0,1213.5045408868473,0.0,0.0,0.5427503975184726,Rainy,4.0,0.0,1073.5045408868473,0.0,0.0,0.0,60.0,0.0,0.0,0.0,80.0,0.0,0.0
0.0,1211.8713567862949,0.0,0.0,0.5317733018954085,Rainy,4.0,0.0,1071.8713567862949,0.0,0.0,0.0,60.0,0.0,0.0,0.0,80.0,0.0,0.0
0.0,1212.5431101899883,0.0,0.0,0.5207901215494848,Rainy,4.0,0.0,1072.5431101899883,0.0,0.0,0.0,60.0,0.0,0.0,0.0,80.0,0.0,0.0
0.0,1211.4433441280864,0.0,0.0,0.5098169028526724,Rainy,3.9999999999999996,0.0,1071.4433441280864,0.0,0.0,0.0,60.0,0.0,0.0,0.0,80.0,0.0,0.0
0.0,1207.7418964575654,0.0,0.0,0.4988772117615714,Rainy,3.9999999999999996,0.0,1067.7418964575654,0.0,0.0,0.0,60.0,0.0,0.0,0.0,80.0,0.0,0.0
0.0,1208.9509594674405,0.0,0.0,0.4879265690127722,Rainy,4.000000000000001,0.0,1068.9509594674405,0.0,0.0,0.0,60.0,0.0,0.0,0.0,80.0,0.0,0.0
0.0,1210.9787491224558,0.0,0.0,0.4769575586040544,Rainy,3.9999999999999996,0.0,1070.9787491224558,0.0,0.0,0.0,60.0,0.0,0.0,0.0,80.0,0.0,0.0
0.0,1207.555744382216,0.0,0.0,0.46601955367305614,Rainy,4.0,0.0,1067.555744382216,0.0,0.0,0.0,60.0,0.0,0.0,0.0,80.0,0.0,0.0
0.0,1211.4259968603446,0.0,0.0,0.4550464921072922,Rainy,3.999999999999999,0.0,1071.4259968603446,0.0,0.0,0.0,60.0,0.0,0.0,0.0,80.0,0.0,0.0
0.0,1209.5193492036838,0.0,0.0,0.4440907009007372,Rainy,4.0,0.0,1069.5193492036838,0.0,0.0,0.0,60.0,0.0,0.0,0.0,80.0,0.0,0.0
0.0,1209.2503583849007,0.0,0.0,0.43313734620522193,Rainy,4.0,0.0,1069.2503583849007,0.0,0.0,0.0,60.0,0.0,0.0,0.0,80.0,0.0,0.0
0.0,1211.421919936407,0.0,0.0,0.4221643215681169,Rainy,4.0,0.0,1071.421919936407,0.0,0.0,0.0,60.0,0.0,0.0,0.0,80.0,0.0,0.0
0.0,1210.8885266229722,0.0,0.0,0.4111961283921842,Rainy,4.000000000000001,0.0,1070.8885266229722,0.0,0.0,0.0,60.0,0.0,0.0,0.0,80.0,0.0,0.0
0.0,1209.278067668362,0.0,0.0,0.4002425227067825,Rainy,4.000000000000001,0.0,1069.278067668362,0.0,0.0,0.0,60.0,0.0,0.0,0.0,80.0,0.0,0.0
0.0,1212.3186596067285,0.0,0.0,0.3892613754277361,Rainy,4.0,0.0,1072.3186596067285,0.0,0.0,0.0,60.0,0.0,0.0,0.0,80.0,0.0,0.0
0.0,1207.8378733448003,0.0,0.0,0.3783208149807724,Rainy,3.5234797388398356,0.0,1067.8378733448003,0.0,0.0,0.0,60.0,0.0,0.0,0.0,80.0,0.0,0.0
0.0,1211.2318712138886,0.0,0.0,0.36734951179948727,Rainy,3.148364457413639,0.0,1071.2318712138886,0.0,0.0,0.0,60.0,0.0,0.0,0.0,80.0,0.0,0.0
0.0,1211.1862025159367,0.0,0.0,0.35637862228394446,Rainy,2.84085414852281,0.0,1071.1862025159367,0.0,0.0,0.0,60.0,0.0,0.0,0.0,80.0,0.0,0.0
0.0,1209.380907121372,0.0,0.0,0.34542408508175815,Rainy,2.5773247620483057,0.0,1069.380907121372,0.0,0.0,0.0,60.0,0.0,0.0,0.0,80.0,0.0,0.0
0.0,1210.6522660444843,0.0,0.0,0.3344580319472973,Rainy,2.366831365571251,0.0,1070.6522660444843,0.0,0.0,0.0,60.0,0.0,0.0,0.0,80.0,0.0,0.0
0.0,1207.4977728472295,0.0,0.0,0.32352055212078257,Rainy,2.2090613890295714,0.0,1067.4977728472295,0.0,0.0,0.0,60.0,0.0,0.0,0.0,80.0,0.0,0.0
0.0,1211.848054038414,0.0,0.0,0.3125436675733332,Rainy,2.062918312232047,0.0,1071.848054038414,0.0,0.0,0.0,60.0,0.0,0.0,0.0,80.0,0.0,0.0
0.0,1209.630195727114,0.0,0.0,0.30158687232218184,Rainy,1.9216964216931813,0.0,1069.630195727114,0.0,0.0,0.0,60.0,0.0,0.0,0.0,80.0,0.0,0.0
0.0,0.0,0.0,0.0,0.2967455926393967,Rainy,1.7821795197688983,0.0,0.0,0.0,1068.954553958962,0.0,0.0,0.0,60.0,0.0,0.0,0.0,80.0
0.0,0.0,0.0,0.0,0.2967455926393967,Rainy,1.754615494671102,0.0,0.0,0.0,1072.0980184516739,0.0,0.0,0.0,60.0,0.0,0.0,0.0,80.0
0.0,0.0,0.0,0.0,0.2967455926393967,Rainy,1.754615494671102,0.0,0.0,0.0,1068.5913126189143,0.0,0.0,0.0,60.0,0.0,0.0,0.0,80.0
0.0,0.0,0.0,0.0,0.2967455926393967,Rainy,1.754615494671102,0.0,0.0,0.0,1067.1830774072728,0.0,0.0,0.0,60.0,0.0,0.0,0.0,10.0
0.0,0.0,0.0,0.0,0.2967455926393967,Rainy,1.754615494671102,0.0,0.0,0.0,1066.8867416529522,0.0,0.0,0.0,60.0,0.0,0.0,0.0,10.0
0.0,0.0,0.0,0.0,0.2967455926393967,Rainy,1.754615494671102,0.0,0.0,0.0,1071.2120199026913,0.0,0.0,0.0,60.0,0.0,0.0,0.0,10.0
0.0,0.0,0.0,0.0,0.2967455926393967,Rainy,1.754615494671102,0.0,0.0,0.0,1067.4391412950074,0.0,0.0,0.0,60.0,0.0,0.0,0.0,10.0
0.0,0.0,0.0,0.0,0.2967455926393967,Rainy,1.754615494671102,0.0,0.0,0.0,1073.5095883639688,0.0,0.0,0.0,60.0,0.0,0.0,0.0,10.0
0.0,0.0,0.0,0.0,0.2967455926393967,Rainy,1.754615494671102,0.0,0.0,0.0,1065.8361411842325,0.0,0.0,0.0,60.0,0.0,0.0,0.0,10.0
0.0,0.0,0.0,0.0,0.2967455926393967,Rainy,1.754615494671102,0.0,0.0,0.0,1073.39291273658,0.0,0.0,0.0,60.0,0.0,0.0,0.0,10.0
0.0,0.0,0.0,0.0,0.2967455926393967,Rainy,1.754615494671102,0.0,0.0,0.0,1070.4220349344052,0.0,0.0,0.0,60.0,0.0,0.0,0.0,10.0
0.0,0.0,0.0,0.0,0.2967455926393967,Rainy,1.754615494671102,0.0,0.0,0.0,1069.8065737762593,0.0,0.0,0.0,60.0,0.0,0.0,0.0,10.0
0.0,0.0,0.0,0.0,0.2967455926393967,Rainy,1.754615494671102,0.0,0.0,0.0,1068.9101618263821,0.0,0.0,0.0,60.0,0.0,0.0,0.0,10.0
0.0,0.0,0.0,0.0,0.2967455926393967,Rainy,1.754615494671102,0.0,0.0,0.0,1070.7982722287043,0.0,0.0,0.0,60.0,0.0,0.0,0.0,10.0
0.0,0.0,0.0,0.0,0.2967455926393967,Rainy,1.754615494671102,0.0,0.0,0.0,1069.9247305951503,0.0,0.0,0.0,60.0,0.0,0.0,0.0,10.0
0.0,0.0,0.0,0.0,0.2967455926393967,Rainy,1.754615494671102,0.0,0.0,0.0,1072.206603764033,0.0,0.0,0.0,60.0,0.0,0.0,0.0,10.0
0.0,0.0,0.0,0.0,0.2967455926393967,Rainy,1.754615494671102,0.0,0.0,0.0,1070.2284552973242,0.0,0.0,0.0,60.0,0.0,0.0,0.0,10.0
0.0,0.0,0.0,0.0,0.2967455926393967,Rainy,1.754615494671102,0.0,0.0,0.0,1070.3006035229237,0.0,0.0,0.0,60.0,0.0,0.0,0.0,410.0
0.0,0.0,0.0,0.0,0.2967455926393967,Rainy,1.754615494671102,0.0,0.0,0.0,1069.2727755755723,0.0,0.0,0.0,60.0,0.0,0.0,0.0,410.0
0.0,0.0,0.0,0.0,0.2967455926393967,Rainy,1.754615494671102,0.0,0.0,0.0,1069.886108752558,0.0,0.0,0.0,60.0,0.0,0.0,0.0,410.0
0.0,0.0,0.0,0.0,0.2967455926393967,Rainy,1.754615494671102,0.0,0.0,0.0,1070.615603537784,0.0,0.0,0.0,60.0,0.0,0.0,0.0,410.0
0.0,0.0,0.0,0.0,0.2967455926393967,Rainy,1.754615494671102,0.0,0.0,0.0,1066.5796632146867,0.0,0.0,0.0,60.0,0.0,0.0,0.0,410.0
0.0,0.0,0.0,0.0,0.2967455926393967,Rainy,1.754615494671102,0.0,0.0,0.0,1067.3036291557887,0.0,0.0,0.0,60.0,0.0,0.0,0.0,410.0
0.0,0.0,0.0,0.0,0.2967455926393967,Rainy,1.754615494671102,0.0,0.0,0.0,1071.4865281880454,0.0,0.0,0.0,60.0,0.0,0.0,0.0,10.0
0.0,0.0,0.0,0.0,0.2967455926393967,Rainy,1.754615494671102,0.0,0.0,0.0,1070.341730876256,0.0,0.0,0.0,60.0,0.0,0.0,0.0,10.0
0.0,0.0,0.0,0.0,0.2967455926393967,Rainy,1.754615494671102,0.0,0.0,0.0,1069.6320333272947,0.0,0.0,0.0,60.0,0.0,0.0,0.0,10.0
0.0,0.0,0.0,0.0,0.2967455926393967,Rainy,1.754615494671102,0.0,0.0,0.0,1070.0368678661307,0.0,0.0,0.0,60.0,0.0,0.0,0.0,10.0
0.0,0.0,0.0,0.0,0.2967455926393967,Rainy,1.754615494671102,0.0,0.0,0.0,1070.6951634107234,0.0,0.0,0.0,60.0,0.0,0.0,0.0,10.0
0.0,0.0,0.0,0.0,0.2967455926393967,Rainy,1.754615494671102,0.0,0.0,0.0,1068.9204806393814,0.0,0.0,0.0,60.0,0.0,0.0,0.0,10.0
0.0,0.0,0.0,0.0,0.2967455926393967,Rainy,1.754615494671102,0.0,0.0,0.0,1068.4433905491953,0.0,0.0,0.0,60.0,0.0,0.0,0.0,10.0
0.0,0.0,0.0,0.0,0.2967455926393967,Rainy,1.754615494671102,0.0,0.0,0.0,1070.3916905101955,0.0,0.0,0.0,60.0,0.0,0.0,0.0,10.0
0.0,0.0,0.0,0.0,0.2967455926393967,Rainy,1.754615494671102,0.0,0.0,0.0,1068.04325444477,0.0,0.0,0.0,60.0,0.0,0.0,0.0,10.0
0.0,0.0,0.0,0.0,0.2967455926393967,Rainy,1.754615494671102,0.0,0.0,0.0,1070.816505511429,0.0,0.0,0.0,60.0,0.0,0.0,0.0,10.0
0.0,0.0,0.0,0.0,0.2967455926393967,Rainy,1.754615494671102,0.0,0.0,0.0,1066.5948327915244,0.0,0.0,0.0,60.0,0.0,0.0,0.0,10.0
0.0,0.0,0.0,0.0,0.2967455926393967,Rainy,1.754615494671102,0.0,0.0,0.0,1072.0583112746513,0.0,0.0,0.0,60.0,0.0,0.0,0.0,10.0
0.0,0.0,0.0,0.0,0.2967455926393967,Rainy,1.754615494671102,0.0,0.0,0.0,1070.945194964826,0.0,0.0,0.0,60.0,0.0,0.0,0.0,10.0
0.0,0.0,0.0,0.0,0.2967455926393967,Rainy,1.754615494671102,0.0,0.0,0.0,1070.5120594686277,0.0,0.0,0.0,60.0,0.0,0.0,0.0,10.0
0.0,0.0,0.0,0.0,0.2967455926393967,Rainy,1.754615494671102,0.0,0.0,0.0,1071.965381967891,0.0,0.0,0.0,60.0,0.0,0.0,0.0,10.0
0.0,0.0,0.0,0.0,0.2967455926393967,Rainy,1.754615494671102,0.0,0.0,0.0,1073.3309488889251,0.0,0.0,0.0,60.0,0.0,0.0,0.0,10.0
0.0,0.0,0.0,0.0,0.2967455926393967,Rainy,1.754615494671102,0.0,0.0,0.0,1072.028740130036,0.0,0.0,0.0,60.0,0.0,0.0,0.0,10.0
0.0,0.0,0.0,0.0,0.2967455926393967,Rainy,1.754615494671102,0.0,0.0,0.0,1066.3182515373367,0.0,0.0,0.0,60.0,0.0,0.0,0.0,10.0
0.0,0.0,0.0,0.0,0.2967455926393967,Rainy,1.754615494671102,0.0,0.0,0.0,1067.4408460665286,0.0,0.0,0.0,60.0,0.0,0.0,0.0,10.0
0.0,0.0,0.0,0.0,0.2967455926393967,Rainy,1.754615494671102,0.0,0.0,0.0,1068.7503628446086,0.0,0.0,0.0,60.0,0.0,0.0,0.0,10.0
0.0,0.0,0.0,0.0,0.2967455926393967,Rainy,1.754615494671102,0.0,0.0,0.0,1070.0521821004218,0.0,0.0,0.0,60.0,0.0,0.0,0.0,10.0
0.0,0.0,0.0,0.0,0.2967455926393967,Rainy,1.754615494671102,0.0,0.0,0.0,1071.0353180409384,0.0,0.0,0.0,60.0,0.0,0.0,0.0,10.0
0.0,0.0,0.0,0.0,0.2967455926393967,Rainy,1.754615494671102,0.0,0.0,0.0,1068.548512373693,0.0,0.0,0.0,60.0,0.0,0.0,0.0,10.0
0.0,0.0,0.0,0.0,0.2967455926393967,Rainy,1.754615494671102,0.0,0.0,0.0,1070.373533528954,0.0,0.0,0.0,60.0,0.0,0.0,0.0,10.0
0.0,0.0,0.0,0.0,0.2967455926393967,Rainy,1.754615494671102,0.0,0.0,0.0,1068.4892341352934,0.0,0.0,0.0,60.0,0.0,0.0,0.0,10.0
0.0,0.0,0.0,0.0,0.2967455926393967,Rainy,1.754615494671102,0.0,0.0,0.0,1068.776964394016,0.0,0.0,0.0,60.0,0.0,0.0,0.0,10.0
0.0,0.0,0.0,0.0,0.2967455926393967,Rainy,1.754615494671102,0.0,0.0,0.0,1067.1866778063036,0.0,0.0,0.0,60.0,0.0,0.0,0.0,10.0
0.0,0.0,0.0,0.0,0.2967455926393967,Rainy,1.754615494671102,0.0,0.0,0.0,1068.1535335077783,0.0,0.0,0.0,60.0,0.0,0.0,0.0,10.0
0.0,0.0,0.0,0.0,0.2967455926393967,Rainy,1.754615494671102,0.0,0.0,0.0,1067.2966307887673,0.0,0.0,0.0,60.0,0.0,0.0,0.0,10.0
0.0,0.0,0.0,0.0,0.2967455926393967,Rainy,1.754615494671102,0.0,0.0,0.0,1068.0482534940452,0.0,0.0,0.0,60.0,0.0,0.0,0.0,10.0
0.0,0.0,0.0,0.0,0.2967455926393967,Rainy,1.754615494671102,0.0,0.0,0.0,1072.1072835932157,0.0,0.0,0.0,60.0,0.0,0.0,0.0,10.0
0.0,0.0,0.0,0.0,0.2967455926393967,Rainy,1.754615494671102,0.0,0.0,0.0,1068.1012022223363,0.0,0.0,0.0,60.0,0.0,0.0,0.0,10.0
0.0,0.0,0.0,0.0,0.2967455926393967,Rainy,1.754615494671102,0.0,0.0,0.0,1075.2647641296749,0.0,0.0,0.0,60.0,0.0,0.0,0.0,10.0
0.0,0.0,0.0,0.0,0.2967455926393967,Rainy,1.754615494671102,0.0,0.0,0.0,1070.9866358017616,0.0,0.0,0.0,60.0,0.0,0.0,0.0,410.0
0.0,0.0,0.0,0.0,0.2967455926393967,Rainy,1.754615494671102,0.0,0.0,0.0,1070.3696722473896,0.0,0.0,0.0,60.0,0.0,0.0,0.0,410.0
0.0,0.0,0.0,0.0,0.2967455926393967,Rainy,1.754615494671102,0.0,0.0,0.0,1068.2832844396376,0.0,0.0,0.0,60.0,0.0,0.0,0.0,410.0
0.0,0.0,0.0,0.0,0.2967455926393967,Rainy,1.754615494671102,0.0,0.0,0.0,1071.400619758818,0.0,0.0,0.0,60.0,0.0,0.0,0.0,410.0
0.0,0.0,0.0,0.0,0.2967455926393967,Rainy,1.754615494671102,0.0,0.0,0.0,1068.8487243475245,0.0,0.0,0.0,60.0,0.0,0.0,0.0,410.0
0.0,0.0,0.0,0.0,0.2967455926393967,Rainy,1.754615494671102,0.0,0.0,0.0,1070.2440196292907,0.0,0.0,0.0,60.0,0.0,0.0,0.0,410.0
0.0,0.0,0.0,0.0,0.2967455926393967,Rainy,1.754615494671102,0.0,0.0,0.0,1075.1201690765374,0.0,0.0,0.0,60.0,0.0,0.0,0.0,10.0
0.0,0.0,0.0,0.0,0.2967455926393967,Rainy,1.754615494671102,0.0,0.0,0.0,1069.8078802005507,0.0,0.0,0.0,60.0,0.0,0.0,0.0,10.0
0.0,0.0,0.0,0.0,0.2967455926393967,Rainy,1.754615494671102,0.0,0.0,0.0,1072.2985466525713,0.0,0.0,0.0,60.0,0.0,0.0,0.0,10.0
0.0,0.0,0.0,0.0,0.2967455926393967,Rainy,1.754615494671102,0.0,0.0,0.0,1068.5936471497482,0.0,0.0,0.0,60.0,0.0,0.0,0.0,10.0
0.0,0.0,0.0,0.0,0.2967455926393967,Rainy,1.754615494671102,0.0,0.0,0.0,1069.930023019006,0.0,0.0,0.0,60.0,0.0,0.0,0.0,10.0
0.0,0.0,0.0,0.0,0.2967455926393967,Rainy,1.754615494671102,0.0,0.0,0.0,1073.541601271271,0.0,0.0,0.0,60.0,0.0,0.0,0.0,10.0
0.0,0.0,0.0,0.0,0.2967455926393967,Rainy,1.754615494671102,0.0,0.0,0.0,1068.7460658844243,0.0,0.0,0.0,60.0,0.0,0.0,0.0,10.0
0.0,0.0,0.0,0.0,0.2967455926393967,Rainy,1.754615494671102,0.0,0.0,0.0,1073.624897115994,0.0,0.0,0.0,60.0,0.0,0.0,0.0,10.0
0.0,0.0,0.0,0.0,0.2967455926393967,Rainy,1.754615494671102,0.0,0.0,0.0,1071.415503870911,0.0,0.0,0.0,60.0,0.0,0.0,0.0,10.0
0.0,0.0,0.0,0.0,0.2967455926393967,Rainy,1.754615494671102,0.0,0.0,0.0,1068.8750664482113,0.0,0.0,0.0,60.0,0.0,0.0,0.0,10.0
0.0,0.0,0.0,0.0,0.2967455926393967,Rainy,1.754615494671102,0.0,0.0,0.0,1071.264815478111,0.0,0.0,0.0,60.0,0.0,0.0,0.0,10.0
0.0,0.0,0.0,0.0,0.2967455926393967,Rainy,1.754615494671102,0.0,0.0,0.0,1071.9451088992535,0.0,0.0,0.0,60.0,0.0,0.0,0.0,10.0
0.0,0.0,0.0,0.0,0.2967455926393967,Rainy,1.754615494671102,0.0,0.0,0.0,1071.2436199244344,0.0,0.0,0.0,60.0,0.0,0.0,0.0,10.0
0.0,0.0,0.0,0.0,0.2967455926393967,Rainy,1.754615494671102,0.0,0.0,0.0,1066.859550560219,0.0,0.0,0.0,60.0,0.0,0.0,0.0,10.0
0.0,0.0,0.0,0.0,0.2967455926393967,Rainy,1.754615494671102,0.0,0.0,0.0,1068.5457256483503,0.0,0.0,0.0,60.0,0.0,0.0,0.0,10.0
0.0,0.0,0.0,0.0,0.2967455926393967,Rainy,1.754615494671102,0.0,0.0,0.0,1069.504962728897,0.0,0.0,0.0,60.0,0.0,0.0,0.0,10.0
0.0,0.0,0.0,0.0,0.2967455926393967,Rainy,1.754615494671102,0.0,0.0,0.0,1069.8511331418,0.0,0.0,0.0,60.0,0.0,0.0,0.0,10.0
0.0,0.0,0.0,0.0,0.2967455926393967,Rainy,1.754615494671102,0.0,0.0,0.0,1071.2413441951012,0.0,0.0,0.0,60.0,0.0,0.0,0.0,10.0
0.0,0.0,0.0,0.0,0.2967455926393967,Rainy,1.754615494671102,0.0,0.0,0.0,1070.3554020018664,0.0,0.0,0.0,60.0,0.0,0.0,0.0,10.0
0.0,0.0,0.0,0.0,0.2967455926393967,Rainy,1.754615494671102,0.0,0.0,0.0,1067.32931128258,0.0,0.0,0.0,60.0,0.0,0.0,0.0,10.0
0.0,0.0,0.0,0.0,0.2967455926393967,Rainy,1.754615494671102,0.0,0.0,0.0,1070.760395702012,0.0,0.0,0.0,60.0,0.0,0.0,0.0,10.0
0.0,0.0,0.0,0.0,0.2967455926393967,Rainy,1.754615494671102,0.0,0.0,0.0,1071.2211714905675,0.0,0.0,0.0,60.0,0.0,0.0,0.0,10.0
0.0,0.0,0.0,0.0,0.2967455926393967,Rainy,1.754615494671102,0.0,0.0,0.0,1071.119580895862,0.0,0.0,0.0,60.0,0.0,0.0,0.0,10.0
0.0,0.0,0.0,0.0,0.2967455926393967,Rainy,1.754615494671102,0.0,0.0,0.0,1072.1615614511093,0.0,0.0,0.0,60.0,0.0,0.0,0.0,10.0
0.0,0.0,0.0,0.0,0.2967455926393967,Rainy,1.754615494671102,0.0,0.0,0.0,1071.6678443090977,0.0,0.0,0.0,60.0,0.0,0.0,0.0,10.0
0.0,0.0,0.0,0.0,0.2967455926393967,Rainy,1.9068117992938205,0.0,0.0,0.0,1070.9183601584568,0.0,0.0,0.0,60.0,0.0,0.0,0.0,10.0
0.0,0.0,0.0,0.0,0.2967455926393967,Rainy,2.0267391373745376,0.0,0.0,0.0,1069.8596685770826,0.0,0.0,0.0,60.0,0.0,0.0,0.0,10.0
0.0,0.0,0.0,0.0,0.2967455926393967,Rainy,2.121541354371353,0.0,0.0,0.0,1066.678078132968,0.0,0.0,0.0,60.0,0.0,0.0,0.0,10.0
0.0,0.0,0.0,0.0,0.2967455926393967,Rainy,2.196135070436679,0.0,0.0,0.0,1070.8592364382653,0.0,0.0,0.0,60.0,0.0,0.0,0.0,10.0
0.0,0.0,0.0,0.0,0.2967455926393967,Rainy,2.2868868720918454,0.0,0.0,0.0,1070.4153753743262,0.0,0.0,0.0,60.0,0.0,0.0,0.0,10.0
0.0,0.0,0.0,0.0,0.2967455926393967,Rainy,2.3594573632723415,0.0,0.0,0.0,1070.5431576743908,0.0,0.0,0.0,60.0,0.0,0.0,0.0,10.0
0.0,0.0,0.0,0.0,0.2967455926393967,Rainy,2.4174502819173878,0.0,0.0,0.0,1067.4465028483594,0.0,0.0,0.0,60.0,0.0,0.0,0.0,10.0
0.0,0.0,0.0,0.0,0.2967455926393967,Rainy,2.463426261629834,0.0,0.0,0.0,1067.8378869191833,0.0,0.0,0.0,60.0,0.0,0.0,0.0,10.0
0.0,0.0,0.0,0.0,0.2967455926393967,Rainy,2.499225514152407,0.0,0.0,0.0,1072.1063057066658,0.0,0.0,0.0,60.0,0.0,0.0,0.0,10.0
0.0,0.0,0.0,0.0,0.2967455926393967,Rainy,2.5261714713510974,0.0,0.0,0.0,1069.9208896922867,0.0,0.0,0.0,60.0,0.0,0.0,0.0,10.0
0.0,0.0,0.0,0.0,0.2967455926393967,Rainy,2.545201884863539,0.0,0.0,0.0,1071.3630013947452,0.0,0.0,0.0,60.0,0.0,0.0,0.0,10.0
0.0,0.0,0.0,0.0,0.2967455926393967,Rainy,2.5569536473696135,0.0,0.0,0.0,950.0566367522609,0.0,0.0,0.0,60.0,0.0,0.0,0.0,10.0
47.72513074446873,0.0,0.0,0.0,0.2967455926393967,Rainy,2.5569536473696135,47.72513074446873,0.0,0.0,902.3343815345228,0.0,0.0,0.0,60.0,0.0,0.0,0.0,10.0
122.7259713102182,0.0,0.0,0.0,0.2967455926393967,Rainy,2.5569536473696135,122.7259713102182,0.0,0.0,829.1505963017337,0.0,0.0,0.0,60.0,0.0,0.0,0.0,10.0
139.33466396336289,0.0,0.0,0.0,0.2967455926393967,Rainy,2.5569536473696135,139.33466396336289,0.0,0.0,809.6332465802024,0.0,0.0,0.0,60.0,0.0,0.0,0.0,10.0
233.00476705402212,0.0,0.0,0.0,0.2967455926393967,Rainy,2.5569536473696135,233.00476705402212,0.0,0.0,717.18747449986,0.0,0.0,0.0,60.0,0.0,0.0,0.0,10.0
306.4283582338126,0.0,0.0,0.0,0.2967455926393967,Rainy,2.5418252618010144,306.4283582338126,0.0,0.0,642.6470911887773,0.0,0.0,0.0,60.0,0.0,0.0,0.0,10.0
429.31295288381654,0.0,0.0,0.0,0.2967455926393967,Rainy,2.4592506926202775,429.31295288381654,0.0,0.0,519.8180546613189,0.0,0.0,0.0,60.0,0.0,0.0,0.0,10.0
418.4869137903295,0.0,0.0,0.0,0.2967455926393967,Rainy,2.4695345759056586,418.4869137903295,0.0,0.0,530.8947419627333,0.0,0.0,0.0,60.0,0.0,0.0,0.0,10.0
389.30037060057714,0.0,0.0,0.0,0.2967455926393967,Rainy,2.4941215267111576,389.30037060057714,0.0,0.0,561.1438969426903,0.0,0.0,0.0,60.0,0.0,0.0,0.0,10.0
444.37294192783975,0.0,0.0,0.0,0.2967455926393967,Rainy,2.4438278743086967,444.37294192783975,0.0,0.0,504.66956082883326,0.0,0.0,0.0,60.0,0.0,0.0,0.0,10.0
567.62983344629,0.0,0.0,0.0,0.2967455926393967,Rainy,2.4045482405747025,567.62983344629,0.0,0.0,384.88167880485696,0.0,0.0,0.0,60.0,0.0,0.0,0.0,10.0
488.7324518820251,0.0,0.0,0.0,0.2967455926393967,Rainy,2.390119947859251,488.7324518820251,0.0,0.0,459.47833351353586,0.0,0.0,0.0,60.0,0.0,0.0,0.0,10.0
435.85022345397863,0.0,0.0,0.0,0.2967455926393967,Rainy,2.452718985089641,435.85022345397863,0.0,0.0,513.7760332576986,0.0,0.0,0.0,60.0,0.0,0.0,0.0,10.0
914.2079939213213,0.0,0.0,0.0,0.2967455926393967,Rainy,5.0,914.2079939213213,0.0,0.0,34.91254396213037,0.0,0.0,0.0,60.0,0.0,0.0,0.0,10.0
719.6559623463862,0.0,0.0,0.0,0.2967455926393967,Rainy,2.477838996227052,719.6559623463862,0.0,0.0,233.2379934223212,0.0,0.0,0.0,60.0,0.0,0.0,0.0,10.0
601.3564838959072,0.0,0.0,0.0,0.2967455926393967,Rainy,2.4206690103920674,601.3564838959072,0.0,0.0,349.0366256571159,0.0,0.0,0.0,60.0,0.0,0.0,0.0,10.0
1251.0056901372332,0.0,0.0,0.0,0.2967455926393967,Rainy,5.0,952.0636890789373,0.0,0.0,0.0,60.0,0.0,0.0,0.0,238.9420010582959,0.0,0.0,171.0579989417041
692.9613012891332,0.0,0.0,0.0,0.2967455926393967,Rainy,2.464855563182772,692.9613012891332,0.0,0.0,254.06757796479292,0.0,0.0,0.0,60.0,0.0,0.0,0.0,410.0
1350.6208724458313,0.0,0.0,0.0,0.2967455926393967,Rainy,5.0,950.5341005317385,0.0,0.0,0.0,60.0,0.0,0.0,0.0,340.08677191409276,0.0,0.0,69.91322808590724
760.8890016731502,0.0,0.0,0.0,0.2967455926393967,Rainy,2.497985346646809,760.8890016731502,0.0,0.0,190.8902599180966,0.0,0.0,0.0,60.0,0.0,0.0,0.0,410.0
780.8072786279101,0.0,0.0,0.0,0.2967455926393967,Rainy,5.0,780.8072786279101,0.0,0.0,169.3572893506407,0.0,0.0,0.0,60.0,0.0,0.0,0.0,410.0
1422.1309607501307,0.0,0.0,0.0,0.2983114617670328,Rainy,5.0,952.1309607501307,0.0,0.0,0.0,60.0,0.0,0.0,0.0,410.0,0.0,0.0,0.0
1018.9654230997993,0.0,0.0,0.0,0.3012045180983688,Rainy,5.0,948.9654230997993,0.0,0.0,0.0,60.0,0.0,0.0,0.0,10.0,0.0,0.0,0.0
1022.8186948803711,0.0,0.0,0.0,0.306680177875826,Cloudy,4.01362760025017,952.8186948803711,0.0,0.0,0.0,60.0,0.0,0.0,0.0,10.0,0.0,0.0,0.0
1204.5977962472384,0.0,0.0,0.0,0.3098390601721409,Cloudy,4.073496845538856,954.5977962472385,0.0,0.0,0.0,240.0,0.0,0.0,0.0,10.0,0.0,0.0,0.0
1199.2743228791205,0.0,0.0,0.0,0.31009794485767284,Cloudy,4.106692408899238,949.2743228791206,0.0,0.0,0.0,240.0,0.0,0.0,0.0,10.0,0.0,0.0,0.0
1199.1089949571983,0.0,0.0,0.0,0.3101547274540868,Cloudy,4.111792008484664,949.1089949571984,0.0,0.0,0.0,240.0,0.0,0.0,0.0,10.0,0.0,0.0,0.0
1444.425665779529,158.4811031747064,0.0,0.0,0.30871921021518545,Cloudy,4.109962893826949,952.9067689542354,0.0,0.0,0.0,240.0,0.0,0.0,0.0,251.5188968252936,158.4811031747064,0.0,0.0
1603.1591442914614,0.0,0.0,0.0,0.3106320538487467,Cloudy,4.09502396492686,953.1591442914614,0.0,0.0,0.0,240.0,0.0,0.0,0.0,410.0,0.0,0.0,0.0
1175.7660749723764,423.18820497331706,0.0,0.0,0.3067988273544232,Cloudy,4.122157975211273,948.9542799456934,0.0,0.0,0.0,226.81179502668294,13.188204973317056,0.0,0.0,0.0,410.0,0.0,0.0
1412.558521254653,186.60110511115533,0.0,0.0,0.30510859995305406,Cloudy,4.074759934277102,949.1596263658083,0.0,0.0,0.0,240.0,0.0,0.0,0.0,223.39889488884467,186.60110511115533,0.0,0.0
1381.4343993672373,218.00203141504164,0.0,0.0,0.303133943871396,Cloudy,4.0566376844300525,949.436430782279,0.0,0.0,0.0,240.0,0.0,0.0,0.0,191.99796858495836,218.00203141504164,0.0,0.0
1597.3110989779316,0.0,0.0,0.0,0.3062567463431537,Cloudy,4.035095291143187,947.3110989779315,0.0,0.0,0.0,240.0,0.0,0.0,0.0,410.0,0.0,0.0,0.0
1198.1626961070315,0.0,0.0,0.0,0.31177307090246154,Cloudy,4.06897824766279,948.1626961070316,0.0,0.0,0.0,240.0,0.0,0.0,0.0,10.0,0.0,0.0,0.0
1197.991718466496,0.0,0.0,0.0,0.3129647271197534,Cloudy,4.126607596398996,947.9917184664959,0.0,0.0,0.0,240.0,0.0,0.0,0.0,10.0,0.0,0.0,0.0
1198.464404869792,0.0,0.0,0.0,0.31879761677129015,Cloudy,4.138740217006353,948.4644048697918,0.0,0.0,0.0,240.0,0.0,0.0,0.0,10.0,0.0,0.0,0.0
1199.9306302252264,0.0,0.0,0.0,0.322860190779371,Cloudy,4.196849461180108,949.9306302252264,0.0,0.0,0.0,240.0,0.0,0.0,0.0,10.0,0.0,0.0,0.0
1200.468429465073,0.0,0.0,0.0,0.32666512909434564,Cloudy,4.2363552478359265,950.4684294650731,0.0,0.0,0.0,240.0,0.0,0.0,0.0,10.0,0.0,0.0,0.0
1203.1010009856282,0.0,0.0,0.0,0.33071919584972387,Cloudy,4.272892677077536,953.1010009856282,0.0,0.0,0.0,240.0,0.0,0.0,0.0,10.0,0.0,0.0,0.0
1198.0032919185223,0.0,0.0,0.0,0.3420859942843255,Cloudy,4.674031980326434,948.0032919185225,0.0,0.0,0.0,240.0,0.0,0.0,0.0,10.0,0.0,0.0,0.0
1201.9686447969532,0.0,0.0,0.0,0.34461850180010856,Cloudy,4.420762144552613,951.9686447969532,0.0,0.0,0.0,240.0,0.0,0.0,0.0,10.0,0.0,0.0,0.0
1199.572022311549,0.0,0.0,0.0,0.35117365116930144,Cloudy,4.48929423274582,949.572022311549,0.0,0.0,0.0,240.0,0.0,0.0,0.0,10.0,0.0,0.0,0.0
1199.9010725806952,0.0,0.0,0.0,0.3621733804463497,Cloudy,5.014220507715616,949.9010725806951,0.0,0.0,0.0,240.0,0.0,0.0,0.0,10.0,0.0,0.0,0.0
1201.349638984333,0.0,0.0,0.0,0.3691612487419019,Cloudy,4.7971604274998185,951.3496389843332,0.0,0.0,0.0,240.0,0.0,0.0,0.0,10.0,0.0,0.0,0.0
1197.7545559568753,0.0,0.0,0.0,0.3786810758389718,Cloudy,5.2090580835549165,947.7545559568754,0.0,0.0,0.0,240.0,0.0,0.0,0.0,10.0,0.0,0.0,0.0
1200.7648194923681,0.0,0.0,0.0,0.3831270515898062,Cloudy,4.778559513249572,950.7648194923681,0.0,0.0,0.0,240.0,0.0,0.0,0.0,10.0,0.0,0.0,0.0
1200.3329044164261,0.0,0.0,0.0,0.39179169309794626,Cloudy,5.251157453711061,950.3329044164261,0.0,0.0,0.0,240.0,0.0,0.0,0.0,10.0,0.0,0.0,0.0
1200.9849025280164,0.0,0.0,0.0,0.3951741677648555,Cloudy,4.910334917790122,950.9849025280163,0.0,0.0,0.0,240.0,0.0,0.0,0.0,10.0,0.0,0.0,0.0
1200.5783372878157,0.0,0.0,0.0,0.4057318932195074,Cloudy,5.455121278403463,950.5783372878157,0.0,0.0,0.0,240.0,0.0,0.0,0.0,10.0,0.0,0.0,0.0
1204.9106002798217,0.0,0.0,0.0,0.405991410810683,Cloudy,5.0,954.9106002798218,0.0,0.0,0.0,240.0,0.0,0.0,0.0,10.0,0.0,0.0,0.0
1198.7245200314974,0.0,0.0,0.0,0.407832854813586,Cloudy,5.0,948.7245200314974,0.0,0.0,0.0,240.0,0.0,0.0,0.0,10.0,0.0,0.0,0.0
1198.9380060899964,0.0,0.0,0.0,0.41787828280226,Cloudy,5.475109397937178,948.9380060899964,0.0,0.0,0.0,240.0,0.0,0.0,0.0,10.0,0.0,0.0,0.0
1198.7537189471504,0.0,0.0,0.0,0.4370950135860806,Cloudy,6.000000000000001,948.7537189471504,0.0,0.0,0.0,240.0,0.0,0.0,0.0,10.0,0.0,0.0,0.0
1198.8890457616794,0.0,0.0,0.0,0.4480701557298721,Cloudy,5.546431343156465,948.8890457616795,0.0,0.0,0.0,240.0,0.0,0.0,0.0,10.0,0.0,0.0,0.0
1198.725225745387,0.0,0.0,0.0,0.4565899536432845,Cloudy,5.331969194692789,948.725225745387,0.0,0.0,0.0,240.0,0.0,0.0,0.0,10.0,0.0,0.0,0.0
1202.378033062215,0.0,0.0,0.0,0.46660054663150485,Cloudy,5.474422036223957,952.3780330622151,0.0,0.0,0.0,240.0,0.0,0.0,0.0,10.0,0.0,0.0,0.0
1202.8410084959796,0.0,0.0,0.0,0.4707292759071935,Cloudy,5.0,952.8410084959797,0.0,0.0,0.0,240.0,0.0,0.0,0.0,10.0,0.0,0.0,0.0
1198.858507412501,0.0,0.0,0.0,0.47479024965783256,Cloudy,5.0,948.858507412501,0.0,0.0,0.0,240.0,0.0,0.0,0.0,10.0,0.0,0.0,0.0
1198.3352888537916,0.0,0.0,0.0,0.48413781018698643,Cloudy,5.414778434797415,948.3352888537916,0.0,0.0,0.0,240.0,0.0,0.0,0.0,10.0,0.0,0.0,0.0
1200.9428311127729,0.0,0.0,0.0,0.5013982481843142,Cloudy,6.0,950.9428311127729,0.0,0.0,0.0,240.0,0.0,0.0,0.0,10.0,0.0,0.0,0.0
1198.8955539114381,0.0,0.0,0.0,0.5141534294907435,Cloudy,5.666264060593339,948.895553911438,0.0,0.0,0.0,240.0,0.0,0.0,0.0,10.0,0.0,0.0,0.0
1201.2658636355109,0.0,0.0,0.0,0.5238901939760632,Cloudy,5.450990615054115,951.265863635511,0.0,0.0,0.0,240.0,0.0,0.0,0.0,10.0,0.0,0.0,0.0
1200.4058460417027,0.0,0.0,0.0,0.5345885286735677,Cloudy,5.527049522718797,950.4058460417026,0.0,0.0,0.0,240.0,0.0,0.0,0.0,10.0,0.0,0.0,0.0
1196.9685117700055,0.0,0.0,0.0,0.5487455125310488,Cloudy,5.760481990992984,946.9685117700055,0.0,0.0,0.0,240.0,0.0,0.0,0.0,10.0,0.0,0.0,0.0
1203.0950104026601,0.0,0.0,0.0,0.5528518786181511,Cloudy,5.0,953.0950104026601,0.0,0.0,0.0,240.0,0.0,0.0,0.0,10.0,0.0,0.0,0.0
1203.591755346191,0.0,0.0,0.0,0.5698655878561467,Cloudy,6.000000000000001,953.591755346191,0.0,0.0,0.0,240.0,0.0,0.0,0.0,10.0,0.0,0.0,0.0
1198.7744226190312,0.0,0.0,0.0,0.5858038807076009,Cloudy,5.953617812630472,948.7744226190313,0.0,0.0,0.0,240.0,0.0,0.0,0.0,10.0,0.0,0.0,0.0
1199.224596880128,0.0,0.0,0.0,0.598572426984592,Cloudy,5.6288888932067715,949.224596880128,0.0,0.0,0.0,240.0,0.0,0.0,0.0,10.0,0.0,0.0,0.0
1200.5717307814498,0.0,0.0,0.0,0.6094246250206357,Cloudy,5.519598213601209,950.5717307814498,0.0,0.0,0.0,240.0,0.0,0.0,0.0,10.0,0.0,0.0,0.0
1200.668913579974,0.0,0.0,0.0,0.6151186431111835,Cloudy,5.10238632682977,950.6689135799741,0.0,0.0,0.0,240.0,0.0,0.0,0.0,10.0,0.0,0.0,0.0
1201.3170885453455,0.0,0.0,0.0,0.6194655388990165,Cloudy,5.1604279457675615,951.3170885453457,0.0,0.0,0.0,240.0,0.0,0.0,0.0,10.0,0.0,0.0,0.0
1204.0204090775328,0.0,0.0,0.0,0.6263141388976297,Cloudy,5.203389776908614,954.0204090775327,0.0,0.0,0.0,240.0,0.0,0.0,0.0,10.0,0.0,0.0,0.0
1259.6461055450118,0.0,0.0,0.0,0.6342389170148595,Cloudy,5.408996469948483,949.6461055450119,0.0,0.0,0.0,300.0,0.0,0.0,0.0,10.0,0.0,0.0,0.0
1258.4034055109232,0.0,0.0,0.0,0.6379607069030995,Cloudy,5.3451189569667275,948.4034055109231,0.0,0.0,0.0,300.0,0.0,0.0,0.0,10.0,0.0,0.0,0.0
1257.241361543971,0.0,0.0,0.0,0.6428617962804739,Cloudy,5.380774492338322,947.2413615439709,0.0,0.0,0.0,300.0,0.0,0.0,0.0,10.0,0.0,0.0,0.0
1258.538139920116,0.0,0.0,0.0,0.6503070832215883,Cloudy,5.428361080137128,948.5381399201161,0.0,0.0,0.0,300.0,0.0,0.0,0.0,10.0,0.0,0.0,0.0
1259.9337460542524,0.0,0.0,0.0,0.6607560018541392,Cloudy,5.503159759843572,949.9337460542524,0.0,0.0,0.0,300.0,0.0,0.0,0.0,10.0,0.0,0.0,0.0
1263.5891157270357,0.0,0.0,0.0,0.6677894486422111,Cloudy,5.606851876162283,953.5891157270356,0.0,0.0,0.0,300.0,0.0,0.0,0.0,10.0,0.0,0.0,0.0
1258.9647774019277,0.0,0.0,0.0,0.6814889987408315,Cloudy,5.52460615166781,948.9647774019277,0.0,0.0,0.0,300.0,0.0,0.0,0.0,10.0,0.0,0.0,0.0
1260.4475759032778,0.0,0.0,0.0,0.6866269962220002,Cloudy,5.805963289234093,950.4475759032778,0.0,0.0,0.0,300.0,0.0,0.0,0.0,10.0,0.0,0.0,0.0
1259.9671542078545,0.0,0.0,0.0,0.6915616153906832,Cloudy,5.857125682035624,949.9671542078545,0.0,0.0,0.0,300.0,0.0,0.0,0.0,10.0,0.0,0.0,0.0
1262.3767865468963,0.0,0.0,0.0,0.703863223435224,Cloudy,5.877434595411179,952.3767865468961,0.0,0.0,0.0,300.0,0.0,0.0,0.0,10.0,0.0,0.0,0.0
1265.0538648517472,0.0,0.0,0.0,0.7166213832704127,Cloudy,6.000000000000001,955.0538648517472,0.0,0.0,0.0,300.0,0.0,0.0,0.0,10.0,0.0,0.0,0.0
1258.9382624541595,0.0,0.0,0.0,0.7222529496136072,Cloudy,6.000000000000001,948.9382624541594,0.0,0.0,0.0,300.0,0.0,0.0,0.0,10.0,0.0,0.0,0.0
1259.0211211149635,0.0,0.0,0.0,0.7275770544251794,Cloudy,5.999999999999999,949.0211211149635,0.0,0.0,0.0,300.0,0.0,0.0,0.0,10.0,0.0,0.0,0.0
1262.0883217541382,0.0,0.0,0.0,0.7475035500812823,Cloudy,5.0,952.0883217541382,0.0,0.0,0.0,300.0,0.0,0.0,0.0,10.0,0.0,0.0,0.0
1261.3637829792526,0.0,0.0,0.0,0.7668709569228658,Cloudy,5.0,951.3637829792526,0.0,0.0,0.0,300.0,0.0,0.0,0.0,10.0,0.0,0.0,0.0
1263.693414651472,0.0,0.0,0.0,0.7750802719852798,Cloudy,6.0,953.693414651472,0.0,0.0,0.0,300.0,0.0,0.0,0.0,10.0,0.0,0.0,0.0
1261.1678563706519,0.0,0.0,0.0,0.7830555881629515,Cloudy,6.000000000000001,951.167856370652,0.0,0.0,0.0,300.0,0.0,0.0,0.0,10.0,0.0,0.0,0.0
1259.281415818426,0.0,0.0,0.0,0.7841531149006173,Cloudy,5.999999999999999,949.2814158184259,0.0,0.0,0.0,300.0,0.0,0.0,0.0,10.0,0.0,0.0,0.0
1261.1813096613846,0.0,0.0,0.0,0.7895946772565658,Cloudy,6.0,951.1813096613846,0.0,0.0,0.0,300.0,0.0,0.0,0.0,10.0,0.0,0.0,0.0
1262.2174071611657,0.0,0.0,0.0,0.8026584361157225,Cloudy,6.000000000000001,952.2174071611659,0.0,0.0,0.0,300.0,0.0,0.0,0.0,10.0,0.0,0.0,0.0
1261.6409643623947,0.0,0.0,0.0,0.8091412614033788,Cloudy,6.0,951.6409643623947,0.0,0.0,0.0,300.0,0.0,0.0,0.0,10.0,0.0,0.0,0.0
1261.0145480622145,0.0,0.0,0.0,0.8230312106624711,Cloudy,6.0,951.0145480622145,0.0,0.0,0.0,300.0,0.0,0.0,0.0,10.0,0.0,0.0,0.0
1262.1333493791783,0.0,0.0,0.0,0.8315972293619791,Cloudy,5.999999999999999,952.1333493791783,0.0,0.0,0.0,300.0,0.0,0.0,0.0,10.0,0.0,0.0,0.0
1262.3385911808914,0.0,0.0,0.0,0.8362079370737139,Cloudy,6.0,952.3385911808914,0.0,0.0,0.0,300.0,0.0,0.0,0.0,10.0,0.0,0.0,0.0
1136.1983394390666,126.56597854300844,0.0,0.0,0.8350615061086504,Cloudy,5.660642644598513,952.764317982075,0.0,0.0,0.0,183.43402145699156,116.56597854300844,0.0,0.0,0.0,10.0,0.0,0.0
1261.2974197751792,0.0,0.0,0.0,0.8367140281817316,Cloudy,6.0,951.2974197751793,0.0,0.0,0.0,300.0,0.0,0.0,0.0,10.0,0.0,0.0,0.0
1259.6657638393663,0.0,0.0,0.0,0.8417949631020731,Cloudy,5.999999999999999,949.6657638393663,0.0,0.0,0.0,300.0,0.0,0.0,0.0,10.0,0.0,0.0,0.0
1260.2934273728665,0.0,0.0,0.0,0.8491488141925512,Cloudy,6.000000000000001,950.2934273728666,0.0,0.0,0.0,300.0,0.0,0.0,0.0,10.0,0.0,0.0,0.0
1262.4130179330168,0.0,0.0,0.0,0.8522414575344646,Cloudy,6.000000000000001,952.4130179330167,0.0,0.0,0.0,300.0,0.0,0.0,0.0,10.0,0.0,0.0,0.0
1258.3661286580254,0.0,0.0,0.0,0.8582498343467433,Cloudy,5.999999999999999,948.3661286580256,0.0,0.0,0.0,300.0,0.0,0.0,0.0,10.0,0.0,0.0,0.0
1260.737346617746,0.0,0.0,0.0,0.866643350382762,Cloudy,6.0,950.7373466177459,0.0,0.0,0.0,300.0,0.0,0.0,0.0,10.0,0.0,0.0,0.0
1259.2133223753453,0.0,0.0,0.0,0.8768294163293162,Cloudy,6.000000000000001,949.2133223753452,0.0,0.0,0.0,300.0,0.0,0.0,0.0,10.0,0.0,0.0,0.0
1260.0574896458697,0.0,0.0,0.0,0.887638558016989,Cloudy,6.0,950.0574896458696,0.0,0.0,0.0,300.0,0.0,0.0,0.0,10.0,0.0,0.0,0.0
1262.5569037252146,0.0,0.0,0.0,0.8893756039921399,Cloudy,6.0,952.5569037252146,0.0,0.0,0.0,300.0,0.0,0.0,0.0,10.0,0.0,0.0,0.0
1260.3821981360397,0.0,0.0,0.0,0.8950596915123687,Cloudy,5.999999999999999,950.3821981360398,0.0,0.0,0.0,300.0,0.0,0.0,0.0,10.0,0.0,0.0,0.0
1260.0928730963124,0.0,0.0,0.0,0.8981510768857988,Cloudy,6.000000000000001,950.0928730963122,0.0,0.0,0.0,300.0,0.0,0.0,0.0,10.0,0.0,0.0,0.0
1217.1231438929335,40.15714382510669,0.0,0.0,0.8977873346410061,Cloudy,5.843352377152698,947.2802877180402,0.0,0.0,0.0,269.8428561748933,30.157143825106687,0.0,0.0,0.0,10.0,0.0,0.0
1261.4925071320545,0.0,0.0,0.0,0.9061601442556739,Cloudy,6.0,951.4925071320545,0.0,0.0,0.0,300.0,0.0,0.0,0.0,10.0,0.0,0.0,0.0
1084.3121945506546,176.97877381162755,0.0,0.0,0.9045570756523078,Cloudy,5.555222707722146,951.2909683622821,0.0,0.0,0.0,133.02122618837245,166.97877381162755,0.0,0.0,0.0,10.0,0.0,0.0
1664.326509446611,0.0,0.0,0.0,0.9100337987494138,Cloudy,5.999999999999999,954.3265094466109,0.0,0.0,0.0,300.0,0.0,0.0,0.0,410.0,0.0,0.0,0.0
1146.9295404350862,512.4549030950078,0.0,0.0,0.9053919970909445,Cloudy,5.683263069679443,949.384443530094,0.0,0.0,0.0,197.5450969049922,102.45490309500781,0.0,0.0,0.0,410.0,0.0,0.0
1638.1034448215532,22.334855833774668,0.0,0.0,0.9051896886141892,Cloudy,5.999999999999999,950.4383006553279,0.0,0.0,0.0,300.0,0.0,0.0,0.0,387.66514416622533,22.334855833774668,0.0,0.0
1660.4987673674214,0.0,0.0,0.0,0.9086673004947101,Cloudy,6.0,950.4987673674215,0.0,0.0,0.0,300.0,0.0,0.0,0.0,410.0,0.0,0.0,0.0
1314.320010514928,348.83489604459885,0.0,0.0,0.9055075641174946,Cloudy,6.000000000000001,953.1549065595269,0.0,0.0,0.0,300.0,0.0,0.0,0.0,61.16510395540115,348.83489604459885,0.0,0.0
1272.9236433219821,386.88576561324396,0.0,0.0,0.9020031640666499,Cloudy,5.993841007989775,949.8094089352261,0.0,0.0,0.0,300.0,0.0,0.0,0.0,23.11423438675604,386.88576561324396,0.0,0.0
1015.495522321887,245.06252072965367,0.0,0.0,0.8997833948571421,Cloudy,5.423517726106987,950.5580430515407,0.0,0.0,0.0,64.93747927034633,235.06252072965367,0.0,0.0,0.0,10.0,0.0,0.0
1261.215793019433,0.0,0.0,0.0,0.905454640822628,Cloudy,6.0,951.215793019433,0.0,0.0,0.0,300.0,0.0,0.0,0.0,10.0,0.0,0.0,0.0
1106.141786561965,154.23143168434763,0.0,0.0,0.9040576169849075,Cloudy,5.598948485851054,950.3732182463127,0.0,0.0,0.0,155.76856831565237,144.23143168434763,0.0,0.0,0.0,10.0,0.0,0.0
994.1820938326653,264.9250389382337,0.0,0.0,0.9016579336611916,Cloudy,5.386419995932763,949.1071327708989,0.0,0.0,0.0,45.07496106176632,254.92503893823368,0.0,0.0,0.0,10.0,0.0,0.0
1260.3881799857966,0.0,0.0,0.0,0.9034310935758751,Cloudy,5.999999999999999,950.3881799857966,0.0,0.0,0.0,300.0,0.0,0.0,0.0,10.0,0.0,0.0,0.0
1262.1472634997194,0.0,0.0,0.0,0.9040261592012524,Cloudy,6.000000000000001,952.1472634997195,0.0,0.0,0.0,300.0,0.0,0.0,0.0,10.0,0.0,0.0,0.0
1257.9469694011777,0.0,0.0,0.0,0.9047545538538233,Cloudy,6.0,947.9469694011779,0.0,0.0,0.0,300.0,0.0,0.0,0.0,10.0,0.0,0.0,0.0
793.899948905039,866.3659904432548,0.0,0.0,0.896907035824446,Cloudy,4.804698018705934,793.899948905039,156.36599044325476,0.0,0.0,0.0,300.0,0.0,0.0,0.0,410.0,0.0,0.0
1072.4312470131597,586.168511356962,0.0,0.0,0.8915975384389663,Cloudy,5.120288028399747,948.5997583701217,0.0,0.0,0.0,123.83148864303803,176.16851135696197,0.0,0.0,0.0,410.0,0.0,0.0
735.3039760884802,927.0861171693695,0.0,0.0,0.8832000192617073,Cloudy,4.68648336487622,735.3039760884802,217.08611716936946,0.0,0.0,0.0,300.0,0.0,0.0,0.0,410.0,0.0,0.0
711.8386625944648,945.1149635959677,0.0,0.0,0.8746391953160917,Cloudy,4.660532949331232,711.8386625944648,235.11496359596765,0.0,0.0,0.0,300.0,0.0,0.0,0.0,410.0,0.0,0.0
1300.0855120384272,358.7966442670297,0.0,0.0,0.8713892257122238,Cloudy,6.000000000000001,948.8821563054569,0.0,0.0,0.0,300.0,0.0,0.0,0.0,51.203355732970294,358.7966442670297,0.0,0.0
744.6141556326721,916.1402681174569,0.0,0.0,0.8630908537184061,Cloudy,4.605791588477561,744.6141556326721,206.1402681174569,0.0,0.0,0.0,300.0,0.0,0.0,0.0,410.0,0.0,0.0
812.320196454958,450.8108516035106,0.0,0.0,0.8590074220915627,Cloudy,4.6436562778360395,812.320196454958,140.81085160351063,0.0,0.0,0.0,300.0,0.0,0.0,0.0,10.0,0.0,0.0
1010.6448267069406,249.22367277091337,0.0,0.0,0.8567499612874783,Cloudy,4.900703983695659,949.868499477854,0.0,0.0,0.0,60.77632722908663,239.22367277091337,0.0,0.0,0.0,10.0,0.0,0.0
749.883569581503,509.00603136511063,0.0,0.0,0.852139399409171,Rainy,4.94028158767797,749.883569581503,199.00603136511063,0.0,0.0,0.0,300.0,0.0,0.0,0.0,10.0,0.0,0.0
420.15883326087703,843.6034808780041,0.0,0.0,0.8444980635316528,Rainy,4.037558354785489,420.15883326087703,533.6034808780041,0.0,0.0,0.0,300.0,0.0,0.0,0.0,10.0,0.0,0.0
364.1887765132633,892.9151956859042,0.0,0.0,0.8364100635707297,Rainy,4.0,364.1887765132633,582.9151956859042,0.0,0.0,0.0,300.0,0.0,0.0,0.0,10.0,0.0,0.0
613.5773787567625,642.0250093299973,0.0,0.0,0.8305946196456391,Rainy,4.529000019960354,613.5773787567625,332.02500932999726,0.0,0.0,0.0,300.0,0.0,0.0,0.0,10.0,0.0,0.0
583.6598913411675,677.2201375589392,0.0,0.0,0.8244603792691994,Rainy,4.450419373373868,583.6598913411675,367.2201375589392,0.0,0.0,0.0,300.0,0.0,0.0,0.0,10.0,0.0,0.0
394.72195997468685,864.273931576608,0.0,0.0,0.8166318110483968,Rainy,4.0,394.72195997468685,554.273931576608,0.0,0.0,0.0,300.0,0.0,0.0,0.0,10.0,0.0,0.0
391.7031691955698,866.2543651701687,0.0,0.0,0.8087853041175075,Rainy,4.0,391.7031691955698,556.2543651701687,0.0,0.0,0.0,300.0,0.0,0.0,0.0,10.0,0.0,0.0
404.5878813748409,856.8288315197578,0.0,0.0,0.8010241733972198,Rainy,4.0,404.5878813748409,546.8288315197578,0.0,0.0,0.0,300.0,0.0,0.0,0.0,10.0,0.0,0.0
199.08364017411844,1061.4039612534239,0.0,0.0,0.7914100070815183,Rainy,4.0,199.08364017411844,751.4039612534239,0.0,0.0,0.0,300.0,0.0,0.0,0.0,10.0,0.0,0.0
158.85848170709403,1100.0133610314324,0.0,0.0,0.7814461179417408,Rainy,4.0,158.85848170709403,790.0133610314325,0.0,0.0,0.0,300.0,0.0,0.0,0.0,10.0,0.0,0.0
125.21582587973978,1132.2235653229184,0.0,0.0,0.7711904697051201,Rainy,4.0,125.21582587973978,822.2235653229184,0.0,0.0,0.0,300.0,0.0,0.0,0.0,10.0,0.0,0.0
48.76598982092202,1212.9789248356383,0.0,0.0,0.7602033417627682,Rainy,4.0,48.76598982092202,902.9789248356382,0.0,0.0,0.0,300.0,0.0,0.0,0.0,10.0,0.0,0.0
4.341476127894234e-13,1381.300402355917,0.0,0.0,0.747691562755921,Rainy,4.0,4.341476127894234e-13,1071.300402355917,0.0,0.0,0.0,300.0,0.0,0.0,0.0,10.0,0.0,0.0
0.0,1139.801648272441,0.0,0.0,0.7373672724635981,Rainy,4.000000000000001,0.0,1069.801648272441,0.0,0.0,0.0,60.0,0.0,0.0,0.0,10.0,0.0,0.0
0.0,1143.6932739920953,0.0,0.0,0.7270077319383074,Rainy,4.000000000000001,0.0,1073.6932739920953,0.0,0.0,0.0,60.0,0.0,0.0,0.0,10.0,0.0,0.0
0.0,1137.8598304673478,0.0,0.0,0.7167010305753786,Rainy,4.0,0.0,1067.8598304673478,0.0,0.0,0.0,60.0,0.0,0.0,0.0,10.0,0.0,0.0
0.0,1136.9489496581505,0.0,0.0,0.706402579944417,Rainy,4.0,0.0,1066.9489496581505,0.0,0.0,0.0,60.0,0.0,0.0,0.0,10.0,0.0,0.0
0.0,1138.6161838602375,0.0,0.0,0.6960890275543786,Rainy,3.9999999999999996,0.0,1068.6161838602375,0.0,0.0,0.0,60.0,0.0,0.0,0.0,10.0,0.0,0.0
0.0,1139.908827967289,0.0,0.0,0.6857637664314865,Rainy,4.000000000000001,0.0,1069.908827967289,0.0,0.0,0.0,60.0,0.0,0.0,0.0,10.0,0.0,0.0
0.0,1140.4866788986456,0.0,0.0,0.6754332711516075,Rainy,3.9999999999999996,0.0,1070.4866788986456,0.0,0.0,0.0,60.0,0.0,0.0,0.0,10.0,0.0,0.0
0.0,1139.5175278842873,0.0,0.0,0.6651115544135252,Rainy,4.0,0.0,1069.5175278842873,0.0,0.0,0.0,60.0,0.0,0.0,0.0,10.0,0.0,0.0
0.0,1140.7041107930286,0.0,0.0,0.6547790896418492,Rainy,4.0,0.0,1070.7041107930286,0.0,0.0,0.0,60.0,0.0,0.0,0.0,10.0,0.0,0.0
0.0,1137.496921151619,0.0,0.0,0.6444756755009832,Rainy,4.000000000000001,0.0,1067.496921151619,0.0,0.0,0.0,60.0,0.0,0.0,0.0,10.0,0.0,0.0
0.0,1142.8875292081466,0.0,0.0,0.6341234333885907,Rainy,4.0,0.0,1072.8875292081466,0.0,0.0,0.0,60.0,0.0,0.0,0.0,10.0,0.0,0.0
0.0,1209.8356976432149,0.0,0.0,0.62316477670704,Rainy,3.999999999999999,0.0,1069.8356976432149,0.0,0.0,0.0,60.0,0.0,0.0,0.0,80.0,0.0,0.0
0.0,1212.2345916631762,0.0,0.0,0.6121843909129895,Rainy,3.999999999999999,0.0,1072.2345916631762,0.0,0.0,0.0,60.0,0.0,0.0,0.0,80.0,0.0,0.0
0.0,1210.6854506927552,0.0,0.0,0.6012180371929464,Rainy,3.9999999999999996,0.0,1070.6854506927552,0.0,0.0,0.0,60.0,0.0,0.0,0.0,80.0,0.0,0.0
0.0,1210.9135064383076,0.0,0.0,0.5902496177505706,Rainy,4.0,0.0,1070.9135064383076,0.0,0.0,0.0,60.0,0.0,0.0,0.0,80.0,0.0,0.0
0.0,1211.1395345604644,0.0,0.0,0.5792791509520158,Rainy,3.9999999999999996,0.0,1071.1395345604644,0.0,0.0,0.0,60.0,0.0,0.0,0.0,80.0,0.0,0.0
0.0,1210.8954171200346,0.0,0.0,0.5683108953621604,Rainy,4.0,0.0,1070.8954171200346,0.0,0.0,0.0,60.0,0.0,0.0,0.0,80.0,0.0,0.0
0.0,1211.285445519735,0.0,0.0,0.5573391069063657,Rainy,4.000000000000001,0.0,1071.285445519735,0.0,0.0,0.0,60.0,0.0,0.0,0.0,80.0,0.0,0.0
0.0,1212.6583050602649,0.0,0.0,0.5463548831286459,Rainy,3.999999999999999,0.0,1072.6583050602649,0.0,0.0,0.0,60.0,0.0,0.0,0.0,80.0,0.0,0.0
0.0,1210.393042339403,0.0,0.0,0.5353911780349919,Rainy,4.0,0.0,1070.393042339403,0.0,0.0,0.0,60.0,0.0,0.0,0.0,80.0,0.0,0.0
0.0,1211.4180075151771,0.0,0.0,0.524418188836485,Rainy,4.0,0.0,1071.4180075151771,0.0,0.0,0.0,60.0,0.0,0.0,0.0,80.0,0.0,0.0
0.0,1209.8205286114255,0.0,0.0,0.5134596695555845,Rainy,4.0,0.0,1069.8205286114255,0.0,0.0,0.0,60.0,0.0,0.0,0.0,80.0,0.0,0.0
0.0,1212.8802344308988,0.0,0.0,0.5024734355480583,Rainy,3.9999999999999996,0.0,1072.8802344308988,0.0,0.0,0.0,60.0,0.0,0.0,0.0,80.0,0.0,0.0
0.0,1208.6472153958816,0.0,0.0,0.4915255441042552,Rainy,3.9999999999999996,0.0,1068.6472153958816,0.0,0.0,0.0,60.0,0.0,0.0,0.0,80.0,0.0,0.0
0.0,1213.6018808658216,0.0,0.0,0.4805327734442387,Rainy,4.0,0.0,1073.6018808658216,0.0,0.0,0.0,60.0,0.0,0.0,0.0,80.0,0.0,0.0
0.0,1209.9196840987113,0.0,0.0,0.4695733560158084,Rainy,4.0,0.0,1069.9196840987113,0.0,0.0,0.0,60.0,0.0,0.0,0.0,80.0,0.0,0.0
0.0,1207.1384497957638,0.0,0.0,0.45863913092707875,Rainy,4.0,0.0,1067.1384497957638,0.0,0.0,0.0,60.0,0.0,0.0,0.0,80.0,0.0,0.0
0.0,1610.2562088298216,0.0,0.0,0.44405347686159125,Rainy,4.000000000000001,0.0,1070.2562088298216,0.0,0.0,0.0,60.0,0.0,0.0,0.0,480.0,0.0,0.0
0.0,1608.6378966850502,0.0,0.0,0.4294824814206035,Rainy,4.0,0.0,1068.6378966850502,0.0,0.0,0.0,60.0,0.0,0.0,0.0,480.0,0.0,0.0
0.0,1611.6812870979775,0.0,0.0,0.4148839190374697,Rainy,3.9999999999999996,0.0,1071.6812870979775,0.0,0.0,0.0,60.0,0.0,0.0,0.0,480.0,0.0,0.0
0.0,1608.694752041395,0.0,0.0,0.4003124086023122,Rainy,3.9999999999999996,0.0,1068.694752041395,0.0,0.0,0.0,60.0,0.0,0.0,0.0,480.0,0.0,0.0
0.0,1609.1076331335703,0.0,0.0,0.38573715830218935,Rainy,4.0,0.0,1069.1076331335703,0.0,0.0,0.0,60.0,0.0,0.0,0.0,480.0,0.0,0.0
0.0,1606.220918538109,0.0,0.0,0.37118805577919933,Rainy,3.393065163180996,0.0,1066.220918538109,0.0,0.0,0.0,60.0,0.0,0.0,0.0,480.0,0.0,0.0
0.0,1209.0953873615017,0.0,0.0,0.3602361048067221,Rainy,2.9424357605292153,0.0,1069.0953873615017,0.0,0.0,0.0,60.0,0.0,0.0,0.0,80.0,0.0,0.0
0.0,1205.1522413467421,0.0,0.0,0.34931987073655235,Rainy,2.6660687338763656,0.0,1065.1522413467421,0.0,0.0,0.0,60.0,0.0,0.0,0.0,80.0,0.0,0.0
0.0,1206.8321943530286,0.0,0.0,0.33838841970074596,Rainy,2.4271937907783077,0.0,1066.8321943530286,0.0,0.0,0.0,60.0,0.0,0.0,0.0,80.0,0.0,0.0
0.0,1211.5208293122887,0.0,0.0,0.3274144991453811,Rainy,2.263927929986053,0.0,1071.5208293122887,0.0,0.0,0.0,60.0,0.0,0.0,0.0,80.0,0.0,0.0
0.0,1211.5716003173015,0.0,0.0,0.3164401187077245,Rainy,2.114077430298439,0.0,1071.5716003173015,0.0,0.0,0.0,60.0,0.0,0.0,0.0,80.0,0.0,0.0
0.0,1210.8509151235698,0.0,0.0,0.30547226621566326,Rainy,1.9714789452276835,0.0,1070.8509151235698,0.0,0.0,0.0,60.0,0.0,0.0,0.0,80.0,0.0,0.0
0.0,1068.0660477137417,0.0,0.0,0.2951636969428939,Rainy,1.831693388558917,0.0,1068.0660477137417,0.0,0.0,0.0,0.0,0.0,60.0,0.0,0.0,0.0,80.0
0.0,0.0,0.0,0.0,0.2951636969428939,Rainy,1.7510843770857105,0.0,0.0,0.0,1069.9045772877162,0.0,0.0,0.0,60.0,0.0,0.0,0.0,80.0
0.0,0.0,0.0,0.0,0.2951636969428939,Rainy,1.7510843770857105,0.0,0.0,0.0,1069.9927949218188,0.0,0.0,0.0,60.0,0.0,0.0,0.0,80.0
0.0,0.0,0.0,0.0,0.2951636969428939,Rainy,1.7510843770857105,0.0,0.0,0.0,1067.683270621615,0.0,0.0,0.0,60.0,0.0,0.0,0.0,80.0
0.0,0.0,0.0,0.0,0.2951636969428939,Rainy,1.7510843770857105,0.0,0.0,0.0,1073.0067966035344,0.0,0.0,0.0,60.0,0.0,0.0,0.0,80.0
0.0,0.0,0.0,0.0,0.2951636969428939,Rainy,1.7510843770857105,0.0,0.0,0.0,1071.7547245811513,0.0,0.0,0.0,60.0,0.0,0.0,0.0,80.0
0.0,0.0,0.0,0.0,0.2951636969428939,Rainy,1.7510843770857105,0.0,0.0,0.0,1069.5580716523407,0.0,0.0,0.0,60.0,0.0,0.0,0.0,80.0
0.0,0.0,0.0,0.0,0.2951636969428939,Rainy,1.7510843770857105,0.0,0.0,0.0,1070.053771677989,0.0,0.0,0.0,60.0,0.0,0.0,0.0,80.0
0.0,0.0,0.0,0.0,0.2951636969428939,Rainy,1.7510843770857105,0.0,0.0,0.0,1070.4167656158952,0.0,0.0,0.0,60.0,0.0,0.0,0.0,80.0
0.0,0.0,0.0,0.0,0.2951636969428939,Rainy,1.7510843770857105,0.0,0.0,0.0,1065.9165302631513,0.0,0.0,0.0,60.0,0.0,0.0,0.0,10.0
0.0,0.0,0.0,0.0,0.2951636969428939,Rainy,1.7510843770857105,0.0,0.0,0.0,1069.5056452349588,0.0,0.0,0.0,60.0,0.0,0.0,0.0,10.0
0.0,0.0,0.0,0.0,0.2951636969428939,Rainy,1.7510843770857105,0.0,0.0,0.0,1068.6360315040044,0.0,0.0,0.0,60.0,0.0,0.0,0.0,10.0
0.0,0.0,0.0,0.0,0.2951636969428939,Rainy,1.7510843770857105,0.0,0.0,0.0,1067.9967599802103,0.0,0.0,0.0,60.0,0.0,0.0,0.0,10.0
0.0,0.0,0.0,0.0,0.2951636969428939,Rainy,1.7510843770857105,0.0,0.0,0.0,1069.437799414228,0.0,0.0,0.0,60.0,0.0,0.0,0.0,10.0
0.0,0.0,0.0,0.0,0.2951636969428939,Rainy,1.7510843770857105,0.0,0.0,0.0,1073.595373053699,0.0,0.0,0.0,60.0,0.0,0.0,0.0,10.0
0.0,0.0,0.0,0.0,0.2951636969428939,Rainy,1.7510843770857105,0.0,0.0,0.0,1071.281685722534,0.0,0.0,0.0,60.0,0.0,0.0,0.0,10.0
0.0,0.0,0.0,0.0,0.2951636969428939,Rainy,1.7510843770857105,0.0,0.0,0.0,1068.8576420204345,0.0,0.0,0.0,60.0,0.0,0.0,0.0,10.0
0.0,0.0,0.0,0.0,0.2951636969428939,Rainy,1.7510843770857105,0.0,0.0,0.0,1071.1451655627125,0.0,0.0,0.0,60.0,0.0,0.0,0.0,10.0
0.0,0.0,0.0,0.0,0.2951636969428939,Rainy,1.7510843770857105,0.0,0.0,0.0,1072.798710873172,0.0,0.0,0.0,60.0,0.0,0.0,0.0,10.0
0.0,0.0,0.0,0.0,0.2951636969428939,Rainy,1.7510843770857105,0.0,0.0,0.0,1071.8492673658257,0.0,0.0,0.0,60.0,0.0,0.0,0.0,10.0
0.0,0.0,0.0,0.0,0.2951636969428939,Rainy,1.7510843770857105,0.0,0.0,0.0,1070.1192607398402,0.0,0.0,0.0,60.0,0.0,0.0,0.0,10.0
0.0,0.0,0.0,0.0,0.2951636969428939,Rainy,1.7510843770857105,0.0,0.0,0.0,1068.7061264445888,0.0,0.0,0.0,60.0,0.0,0.0,0.0,10.0
0.0,0.0,0.0,0.0,0.2951636969428939,Rainy,1.7510843770857105,0.0,0.0,0.0,1071.3964466272273,0.0,0.0,0.0,60.0,0.0,0.0,0.0,10.0
0.0,0.0,0.0,0.0,0.2951636969428939,Rainy,1.7510843770857105,0.0,0.0,0.0,1070.7869707708435,0.0,0.0,0.0,60.0,0.0,0.0,0.0,10.0
0.0,0.0,0.0,0.0,0.2951636969428939,Rainy,1.7510843770857105,0.0,0.0,0.0,1071.7903864400555,0.0,0.0,0.0,60.0,0.0,0.0,0.0,10.0
0.0,0.0,0.0,0.0,0.2951636969428939,Rainy,1.7510843770857105,0.0,0.0,0.0,1071.270343603364,0.0,0.0,0.0,60.0,0.0,0.0,0.0,10.0
0.0,0.0,0.0,0.0,0.2951636969428939,Rainy,1.7510843770857105,0.0,0.0,0.0,1072.0991054306387,0.0,0.0,0.0,60.0,0.0,0.0,0.0,10.0
0.0,0.0,0.0,0.0,0.2951636969428939,Rainy,1.7510843770857105,0.0,0.0,0.0,1068.9295295768788,0.0,0.0,0.0,60.0,0.0,0.0,0.0,10.0
0.0,0.0,0.0,0.0,0.2951636969428939,Rainy,1.7510843770857105,0.0,0.0,0.0,1072.6347881312686,0.0,0.0,0.0,60.0,0.0,0.0,0.0,10.0
0.0,0.0,0.0,0.0,0.2951636969428939,Rainy,1.7510843770857105,0.0,0.0,0.0,1070.3951992093848,0.0,0.0,0.0,60.0,0.0,0.0,0.0,10.0
0.0,0.0,0.0,0.0,0.2951636969428939,Rainy,1.7510843770857105,0.0,0.0,0.0,1074.1505217452504,0.0,0.0,0.0,60.0,0.0,0.0,0.0,10.0
0.0,0.0,0.0,0.0,0.2951636969428939,Rainy,1.7510843770857105,0.0,0.0,0.0,1068.621624363821,0.0,0.0,0.0,60.0,0.0,0.0,0.0,10.0
