pv_to_load_w,batt_to_load_w,grid_to_load_w,pv_surplus_w,charged_to_batt_w,soc,critical_pv_w,critical_batt_w,critical_grid_w,critical_unmet_w,essential_pv_w,essential_batt_w,essential_grid_w,essential_unmet_w,nonessential_pv_w,nonessential_batt_w,nonessential_grid_w,nonessential_unmet_w
0.0,1136.5932351212896,0.0,0.0,0.0,0.6948523857105013,0.0,1066.5932351212896,0.0,0.0,0.0,60.0,0.0,0.0,0.0,10.0,0.0,0.0
0.0,1139.8889046022068,0.0,0.0,0.0,0.689689845381687,0.0,1069.8889046022068,0.0,0.0,0.0,60.0,0.0,0.0,0.0,10.0,0.0,0.0
0.0,1140.7681308978786,0.0,0.0,0.0,0.684523323049722,0.0,1070.7681308978786,0.0,0.0,0.0,60.0,0.0,0.0,0.0,10.0,0.0,0.0
0.0,1139.9346105038117,0.0,0.0,0.0,0.6793605757195417,0.0,1069.9346105038117,0.0,0.0,0.0,60.0,0.0,0.0,0.0,10.0,0.0,0.0
0.0,1135.8651157999202,0.0,0.0,0.0,0.6742162590718971,0.0,1065.8651157999202,0.0,0.0,0.0,60.0,0.0,0.0,0.0,10.0,0.0,0.0
0.0,1139.8217599209743,0.0,0.0,0.0,0.669054022840371,0.0,1069.8217599209743,0.0,0.0,0.0,60.0,0.0,0.0,0.0,10.0,0.0,0.0
0.0,1137.3910609989903,0.0,0.0,0.0,0.663902795209035,0.0,1067.3910609989903,0.0,0.0,0.0,60.0,0.0,0.0,0.0,10.0,0.0,0.0
0.0,1141.33934509766,0.0,0.0,0.0,0.6587336858562376,0.0,1071.33934509766,0.0,0.0,0.0,60.0,0.0,0.0,0.0,10.0,0.0,0.0
0.0,1140.7331964921937,0.0,0.0,0.0,0.6535673217416896,0.0,1070.7331964921937,0.0,0.0,0.0,60.0,0.0,0.0,0.0,10.0,0.0,0.0
0.0,1138.1202404273454,0.0,0.0,0.0,0.6484127916672904,0.0,1068.1202404273454,0.0,0.0,0.0,60.0,0.0,0.0,0.0,10.0,0.0,0.0
0.0,1138.9722661653266,0.0,0.0,0.0,0.643254402780672,0.0,1068.9722661653266,0.0,0.0,0.0,60.0,0.0,0.0,0.0,10.0,0.0,0.0
0.0,1137.881572956222,0.0,0.0,0.0,0.6381009536277906,0.0,1067.881572956222,0.0,0.0,0.0,60.0,0.0,0.0,0.0,10.0,0.0,0.0
0.0,1139.8746418054536,0.0,0.0,0.0,0.632938477894976,0.0,1069.8746418054536,0.0,0.0,0.0,60.0,0.0,0.0,0.0,10.0,0.0,0.0
0.0,1141.9102846410024,0.0,0.0,0.0,0.6277667827652613,0.0,1071.9102846410024,0.0,0.0,0.0,60.0,0.0,0.0,0.0,10.0,0.0,0.0
0.0,1138.0285479073289,0.0,0.0,0.0,0.6226126679649564,0.0,1068.0285479073289,0.0,0.0,0.0,60.0,0.0,0.0,0.0,10.0,0.0,0.0
0.0,1141.0080930310357,0.0,0.0,0.0,0.617445058847968,0.0,1071.0080930310357,0.0,0.0,0.0,60.0,0.0,0.0,0.0,10.0,0.0,0.0
0.0,1138.9394847632552,0.0,0.0,0.0,0.6122868184278445,0.0,1068.9394847632552,0.0,0.0,0.0,60.0,0.0,0.0,0.0,10.0,0.0,0.0
0.0,1138.4142543354753,0.0,0.0,0.0,0.6071309567687164,0.0,1068.4142543354753,0.0,0.0,0.0,60.0,0.0,0.0,0.0,10.0,0.0,0.0
0.0,1139.785939280091,0.0,0.0,0.0,0.6019688827683537,0.0,1069.785939280091,0.0,0.0,0.0,60.0,0.0,0.0,0.0,10.0,0.0,0.0
0.0,1137.9295153551611,0.0,0.0,0.0,0.5968152164850423,0.0,1067.9295153551611,0.0,0.0,0.0,60.0,0.0,0.0,0.0,10.0,0.0,0.0
0.0,1138.8927013893058,0.0,0.0,0.0,0.5916571879461415,0.0,1068.8927013893058,0.0,0.0,0.0,60.0,0.0,0.0,0.0,10.0,0.0,0.0
0.0,1137.6042442148223,0.0,0.0,0.0,0.5865049948111106,0.0,1067.6042442148223,0.0,0.0,0.0,60.0,0.0,0.0,0.0,10.0,0.0,0.0
0.0,1143.9294502658327,0.0,0.0,0.0,0.5813241549095444,0.0,1073.9294502658327,0.0,0.0,0.0,60.0,0.0,0.0,0.0,10.0,0.0,0.0
0.0,1140.0705271039435,0.0,0.0,0.0,0.5761607920150519,0.0,1070.0705271039435,0.0,0.0,0.0,60.0,0.0,0.0,0.0,10.0,0.0,0.0
0.0,1138.600548984015,0.0,0.0,0.0,0.5710040866301606,0.0,1068.600548984015,0.0,0.0,0.0,60.0,0.0,0.0,0.0,10.0,0.0,0.0
0.0,1140.4279598214684,0.0,0.0,0.0,0.5658391049280705,0.0,1070.4279598214684,0.0,0.0,0.0,60.0,0.0,0.0,0.0,10.0,0.0,0.0
0.0,1139.7753439006183,0.0,0.0,0.0,0.5606770789140278,0.0,1069.7753439006183,0.0,0.0,0.0,60.0,0.0,0.0,0.0,10.0,0.0,0.0
0.0,1139.5580608009336,0.0,0.0,0.0,0.5555160369719946,0.0,1069.5580608009336,0.0,0.0,0.0,60.0,0.0,0.0,0.0,10.0,0.0,0.0
0.0,1541.2283334000867,0.0,0.0,0.0,0.5485358361866681,0.0,1071.2283334000867,0.0,0.0,0.0,60.0,0.0,0.0,0.0,410.0,0.0,0.0
0.0,1541.5150154200946,0.0,0.0,0.0,0.5415543370226279,0.0,1071.5150154200946,0.0,0.0,0.0,60.0,0.0,0.0,0.0,410.0,0.0,0.0
0.0,1538.938997704779,0.0,0.0,0.0,0.5345845046054867,0.0,1068.938997704779,0.0,0.0,0.0,60.0,0.0,0.0,0.0,410.0,0.0,0.0
0.0,1538.8483635187106,0.0,0.0,0.0,0.5276150826692606,0.0,1068.8483635187106,0.0,0.0,0.0,60.0,0.0,0.0,0.0,410.0,0.0,0.0
0.0,1539.4498966056967,0.0,0.0,0.0,0.5206429363984014,0.0,1069.4498966056967,0.0,0.0,0.0,60.0,0.0,0.0,0.0,410.0,0.0,0.0
0.0,1535.3961576705287,0.0,0.0,0.0,0.5136891494524298,0.0,1065.3961576705287,0.0,0.0,0.0,60.0,0.0,0.0,0.0,410.0,0.0,0.0
0.0,1136.969617875603,0.0,0.0,0.0,0.5085398305308918,0.0,1066.969617875603,0.0,0.0,0.0,60.0,0.0,0.0,0.0,10.0,0.0,0.0
0.0,1142.733748534889,0.0,0.0,0.0,0.503364405945136,0.0,1072.733748534889,0.0,0.0,0.0,60.0,0.0,0.0,0.0,10.0,0.0,0.0
0.0,1143.2899354270025,0.0,0.0,0.0,0.4981864623970064,0.0,1073.2899354270025,0.0,0.0,0.0,60.0,0.0,0.0,0.0,10.0,0.0,0.0
0.0,1139.5019279208873,0.0,0.0,0.0,0.49302567467997344,0.0,1069.5019279208873,0.0,0.0,0.0,60.0,0.0,0.0,0.0,10.0,0.0,0.0
0.0,1141.1531139261115,0.0,0.0,0.0,0.487857408765453,0.0,1071.1531139261115,0.0,0.0,0.0,60.0,0.0,0.0,0.0,10.0,0.0,0.0
0.0,1140.6225003090872,0.0,0.0,0.0,0.48269154599231406,0.0,1070.6225003090872,0.0,0.0,0.0,60.0,0.0,0.0,0.0,10.0,0.0,0.0
0.0,1146.1577616169104,0.0,0.0,0.0,0.47750061410093314,0.0,1076.1577616169104,0.0,0.0,0.0,60.0,0.0,0.0,0.0,10.0,0.0,0.0
0.0,1142.2391498228692,0.0,0.0,0.0,0.47232742954557594,0.0,1072.2391498228692,0.0,0.0,0.0,60.0,0.0,0.0,0.0,10.0,0.0,0.0
0.0,1139.7441648170384,0.0,0.0,0.0,0.46716554474115096,0.0,1069.7441648170384,0.0,0.0,0.0,60.0,0.0,0.0,0.0,10.0,0.0,0.0
0.0,1138.0889191187991,0.0,0.0,0.0,0.46201115652050423,0.0,1068.0889191187991,0.0,0.0,0.0,60.0,0.0,0.0,0.0,10.0,0.0,0.0
0.0,1136.7871073594847,0.0,0.0,0.0,0.4568626641864486,0.0,1066.7871073594847,0.0,0.0,0.0,60.0,0.0,0.0,0.0,10.0,0.0,0.0
0.0,1140.4069272717345,0.0,0.0,0.0,0.45169777774047154,0.0,1070.4069272717345,0.0,0.0,0.0,60.0,0.0,0.0,0.0,10.0,0.0,0.0
0.0,1138.4872985094314,0.0,0.0,0.0,0.44654158526533827,0.0,1068.4872985094314,0.0,0.0,0.0,60.0,0.0,0.0,0.0,10.0,0.0,0.0
0.0,1137.1554925808045,0.0,0.0,0.0,0.44139142451995417,0.0,1067.1554925808045,0.0,0.0,0.0,60.0,0.0,0.0,0.0,10.0,0.0,0.0
0.0,1138.706854231515,0.0,0.0,0.0,0.4362342376801375,0.0,1068.706854231515,0.0,0.0,0.0,60.0,0.0,0.0,0.0,10.0,0.0,0.0
0.0,1137.836903992771,0.0,0.0,0.0,0.4310809908323442,0.0,1067.836903992771,0.0,0.0,0.0,60.0,0.0,0.0,0.0,10.0,0.0,0.0
0.0,1143.374283270145,0.0,0.0,0.0,0.4259026652740555,0.0,1073.374283270145,0.0,0.0,0.0,60.0,0.0,0.0,0.0,10.0,0.0,0.0
0.0,1141.7632795138989,0.0,0.0,0.0,0.420731635928431,0.0,1071.7632795138989,0.0,0.0,0.0,60.0,0.0,0.0,0.0,10.0,0.0,0.0
0.0,1139.9840547173667,0.0,0.0,0.0,0.4155686646661241,0.0,1069.9840547173667,0.0,0.0,0.0,60.0,0.0,0.0,0.0,10.0,0.0,0.0
0.0,1142.95988827778,0.0,0.0,0.0,0.41039221589675007,0.0,1072.95988827778,0.0,0.0,0.0,60.0,0.0,0.0,0.0,10.0,0.0,0.0
0.0,1140.1547366152954,0.0,0.0,0.0,0.4052284716186011,0.0,1070.1547366152954,0.0,0.0,0.0,60.0,0.0,0.0,0.0,10.0,0.0,0.0
0.0,1138.2774315973434,0.0,0.0,0.0,0.4000732296276711,0.0,1068.2774315973434,0.0,0.0,0.0,60.0,0.0,0.0,0.0,10.0,0.0,0.0
0.0,1143.0462481545392,0.0,0.0,0.0,0.3948963897356669,0.0,1073.0462481545392,0.0,0.0,0.0,60.0,0.0,0.0,0.0,10.0,0.0,0.0
0.0,1141.0778200873692,0.0,0.0,0.0,0.3897284648258509,0.0,1071.0778200873692,0.0,0.0,0.0,60.0,0.0,0.0,0.0,10.0,0.0,0.0
0.0,1137.925507691347,0.0,0.0,0.0,0.3845748166931908,0.0,1067.925507691347,0.0,0.0,0.0,60.0,0.0,0.0,0.0,10.0,0.0,0.0
0.0,1139.6193226438327,0.0,0.0,0.0,0.37941349729715895,0.0,1069.6193226438327,0.0,0.0,0.0,60.0,0.0,0.0,0.0,10.0,0.0,0.0
0.0,1138.2487634932304,0.0,0.0,0.0,0.374258385143657,0.0,1068.2487634932304,0.0,0.0,0.0,60.0,0.0,0.0,0.0,10.0,0.0,0.0
0.0,1137.2344005380714,0.0,0.0,0.0,0.36910786702527804,0.0,1067.2344005380714,0.0,0.0,0.0,60.0,0.0,0.0,0.0,10.0,0.0,0.0
0.0,1141.8523550950633,0.0,0.0,0.0,0.36393643425763733,0.0,1071.8523550950633,0.0,0.0,0.0,60.0,0.0,0.0,0.0,10.0,0.0,0.0
0.0,1143.8188332809402,0.0,0.0,0.0,0.3587560953387925,0.0,1073.8188332809402,0.0,0.0,0.0,60.0,0.0,0.0,0.0,10.0,0.0,0.0
0.0,1137.2028648523617,0.0,0.0,0.0,0.35360572004507707,0.0,1067.2028648523617,0.0,0.0,0.0,60.0,0.0,0.0,0.0,10.0,0.0,0.0
0.0,1141.1259384733812,0.0,0.0,0.0,0.34843757720778823,0.0,1071.1259384733812,0.0,0.0,0.0,60.0,0.0,0.0,0.0,10.0,0.0,0.0
0.0,1138.6987148617563,0.0,0.0,0.0,0.3432804272310593,0.0,1068.6987148617563,0.0,0.0,0.0,60.0,0.0,0.0,0.0,10.0,0.0,0.0
0.0,1139.0257492324706,0.0,0.0,0.0,0.338121796120405,0.0,1069.0257492324706,0.0,0.0,0.0,60.0,0.0,0.0,0.0,10.0,0.0,0.0
0.0,1138.8152121515222,0.0,0.0,0.0,0.33296411852913904,0.0,1068.8152121515222,0.0,0.0,0.0,60.0,0.0,0.0,0.0,10.0,0.0,0.0
0.0,1138.2720184606405,0.0,0.0,0.0,0.3278089010542267,0.0,1068.2720184606405,0.0,0.0,0.0,60.0,0.0,0.0,0.0,10.0,0.0,0.0
0.0,1140.0970432558897,0.0,0.0,0.0,0.32264541806846636,0.0,1070.0970432558897,0.0,0.0,0.0,60.0,0.0,0.0,0.0,10.0,0.0,0.0
0.0,1138.338099767178,0.0,0.0,0.0,0.31748990131227445,0.0,1068.338099767178,0.0,0.0,0.0,60.0,0.0,0.0,0.0,10.0,0.0,0.0
0.0,1020.5409136515597,0.0,0.0,0.0,0.31286788630479456,0.0,950.5409136515597,0.0,0.0,0.0,60.0,0.0,0.0,0.0,10.0,0.0,0.0
28.54561902179217,991.3539047593096,0.0,0.0,0.0,0.30837805883758757,26.586412957926687,923.3131108231751,0.0,0.0,1.6793194833132703,58.32068051668673,0.0,0.0,0.27988658055221166,9.720113419447788,0.0,0.0
12.7326471347089,1006.7894567715582,0.0,0.0,0.0,0.3038183239790207,11.858428423790627,937.6636754824765,0.0,0.0,0.7493303236442346,59.25066967635576,0.0,0.0,0.1248883872740391,9.875111612725961,0.0,0.0
70.87908108062352,947.3057915952933,0.0,0.0,0.0,0.2995279897779551,66.0061588748515,882.1787138010653,0.0,0.0,4.176790462090316,55.82320953790968,0.0,0.0,0.6961317436817193,9.30386825631828,0.0,0.0
91.68301511895085,0.0,0.0,0.0,0.0,0.2995279897779551,85.38391969382731,0.0,0.0,863.462537645036,5.399224650105891,0.0,0.0,54.60077534989411,0.8998707750176484,0.0,0.0,9.100129224982352
37.645221113704245,0.0,0.0,0.0,0.0,0.2995279897779551,35.0655464561007,0.0,0.0,916.4452359955508,2.211149706517327,0.0,0.0,57.788850293482675,0.36852495108622124,0.0,0.0,9.631475048913778
52.4161476221499,0.0,0.0,0.0,0.0,0.2995279897779551,48.8224906765719,0.0,0.0,902.1793436986769,3.0802773819240015,0.0,0.0,56.919722618076,0.5133795636540003,0.0,0.0,9.486620436346
134.72043672630303,0.0,0.0,0.0,0.0,0.2995279897779551,125.4571609434675,0.0,0.0,822.5877285669353,7.939950671001905,0.0,0.0,52.0600493289981,1.3233251118336509,0.0,0.0,8.67667488816635
130.27954812165856,0.0,0.0,0.0,0.0,0.2995279897779551,121.34053586369345,0.0,0.0,828.858128747165,7.662010506827237,0.0,0.0,52.33798949317276,1.2770017511378728,0.0,0.0,8.722998248862128
226.12496676915106,0.0,0.0,0.0,0.0,0.2995279897779551,210.62941641637525,0.0,0.0,740.8733578303684,13.281900302379245,0.0,0.0,46.71809969762076,2.213650050396541,0.0,0.0,7.7863499496034585
182.95503489716452,0.0,0.0,0.0,0.0,0.2995279897779551,122.25677687839683,0.0,0.0,824.4044125593604,7.748713789629918,0.0,0.0,52.25128621037008,52.94954422913777,0.0,0.0,357.05045577086224
133.95155827039366,0.0,0.0,0.0,0.0,0.2995279897779551,89.64938340379626,0.0,0.0,861.4373369809636,5.6555967914805185,0.0,0.0,54.34440320851948,38.64657807511688,0.0,0.0,371.35342192488315
322.74946367710936,0.0,0.0,0.0,0.0,0.2995279897779551,215.82414646621152,0.0,0.0,732.8506060158968,13.650040495008234,0.0,0.0,46.349959504991766,93.2752767158896,0.0,0.0,316.7247232841104
325.59731245377327,0.0,0.0,0.0,0.0,0.2995279897779551,217.91572730234043,0.0,0.0,733.2254700348459,13.746585338480786,0.0,0.0,46.253414661519216,93.93499981295203,0.0,0.0,316.065000187048
228.7106846108713,0.0,0.0,0.0,0.0,0.2995279897779551,152.92920321209846,0.0,0.0,795.5442784748166,9.674231667928451,0.0,0.0,50.32576833207155,66.10724973084442,0.0,0.0,343.8927502691556
102.43078110544407,0.0,0.0,0.0,0.0,0.2995279897779551,68.44123083689661,0.0,0.0,877.9490049617743,4.339091523644356,0.0,0.0,55.660908476355644,29.6504587449031,0.0,0.0,380.3495412550969
252.22382571733687,0.0,0.0,0.0,0.0,0.2995279897779551,234.85893159533745,0.0,0.0,711.8859835288962,14.884194961713769,0.0,0.0,45.11580503828623,2.480699160285628,0.0,0.0,7.519300839714372
261.68296260703204,0.0,0.0,0.0,0.0,0.2995279897779551,243.72602097435455,0.0,0.0,706.3701489189682,15.391664256580693,0.0,0.0,44.6083357434193,2.565277376096782,0.0,0.0,7.434722623903218
343.2623173373969,0.0,0.0,0.0,0.0,0.2995279897779551,319.717090118785,0.0,0.0,630.8023548846579,20.18162333023878,0.0,0.0,39.81837666976122,3.36360388837313,0.0,0.0,6.63639611162687
652.0952239821123,0.0,0.0,0.0,0.0,0.2995279897779551,607.2640977622364,0.0,0.0,340.92726898755484,38.4266796170365,0.0,0.0,21.5733203829635,6.404446602839416,0.0,0.0,3.595553397160584
325.06277728315786,0.0,0.0,0.0,0.0,0.2995279897779551,302.7824456103633,0.0,0.0,648.4947393071915,19.097427148109613,0.0,0.0,40.90257285189038,3.1829045246849357,0.0,0.0,6.817095475315064
537.0515412052371,0.0,0.0,0.0,0.0,0.2995279897779551,358.87808916529514,0.0,0.0,587.798870710167,22.745547068928765,0.0,0.0,37.254452931071235,155.42790497101322,0.0,0.0,254.57209502898678
509.02363319870153,0.0,0.0,0.0,0.0,0.2995279897779551,340.52829807262685,0.0,0.0,609.3395423300785,21.510042782052082,0.0,0.0,38.48995721794792,146.98529234402255,0.0,0.0,263.0147076559774
523.3432571376516,0.0,0.0,0.0,0.0,0.2995279897779551,349.82805269986653,0.0,0.0,597.7499149006085,22.15087716227043,0.0,0.0,37.84912283772957,151.3643272755146,0.0,0.0,258.6356727244854
217.33252969948742,0.0,0.0,0.0,0.0,0.2995279897779551,128.96919149100788,0.0,0.0,819.7271362933877,32.62646333851552,0.0,0.0,207.37353666148448,55.73687486996402,0.0,0.0,354.263125130036
366.4964337492697,0.0,0.0,0.0,0.0,0.2995279897779551,217.6160784524116,0.0,0.0,732.4787188902212,54.971208109609144,0.0,0.0,185.02879189039086,93.90914718724896,0.0,0.0,316.09085281275105
221.13311762540877,0.0,0.0,0.0,0.0,0.2995279897779551,131.20106516520624,0.0,0.0,817.0781081042259,33.20568090838247,0.0,0.0,206.79431909161752,56.72637155182005,0.0,0.0,353.2736284481799
297.10605958526963,0.0,0.0,0.0,0.0,0.2995279897779551,235.1692669433347,0.0,0.0,714.0616219682056,59.45932093625756,0.0,0.0,180.54067906374243,2.4774717056773987,0.0,0.0,7.522528294322601
383.3603789834926,0.0,0.0,0.0,0.0,0.2995279897779551,303.6273579714339,0.0,0.0,648.385227646995,76.5437001715763,0.0,0.0,163.4562998284237,3.1893208404823463,0.0,0.0,6.810679159517654
670.0111978065405,0.0,0.0,0.0,0.0,0.2995279897779551,530.2911927052568,0.0,0.0,418.55502355569695,134.13120489723235,0.0,0.0,105.86879510276765,5.588800204051348,0.0,0.0,4.411199795948652
206.78192499210473,0.0,0.0,0.0,0.0,0.2995279897779551,163.76227592107037,0.0,0.0,787.90910830306,41.29886310819299,0.0,0.0,198.701136891807,1.7207859628413742,0.0,0.0,8.279214037158626
254.59502993864962,0.0,0.0,0.0,0.0,0.2995279897779551,201.45434303767553,0.0,0.0,746.2862432530092,51.01505942493511,0.0,0.0,188.98494057506488,2.125627476038963,0.0,0.0,7.874372523961037
494.36939109804166,0.0,0.0,0.0,0.0,0.2995279897779551,391.46663180560324,0.0,0.0,559.5929765502274,98.7866489207409,0.0,0.0,141.2133510792591,4.116110371697538,0.0,0.0,5.883889628302462
608.1556651570504,0.0,0.0,0.0,0.0,0.2995279897779551,481.7602476953445,0.0,0.0,471.1228895459713,121.33960076323768,0.0,0.0,118.66039923676232,5.055816698468236,0.0,0.0,4.944183301531764
826.6030656191657,0.0,0.0,0.0,0.0,0.2995279897779551,653.6817602930661,0.0,0.0,291.37495070667933,166.0044531130557,0.0,0.0,73.99554688694431,6.9168522130439865,0.0,0.0,3.0831477869560135
719.0314046880516,0.0,0.0,0.0,0.0,0.2995279897779551,569.0339749779262,0.0,0.0,379.3722345111329,143.99753252172033,0.0,0.0,96.00246747827967,5.999897188405013,0.0,0.0,4.000102811594987
788.8741641386587,0.0,0.0,0.0,0.0,0.2995279897779551,624.6832965651286,0.0,0.0,326.4708476892325,157.62323287058888,0.0,0.0,82.37676712941112,6.567634702941204,0.0,0.0,3.432365297058796
407.72664842696344,0.0,0.0,0.0,0.0,0.2995279897779551,322.75484144909507,0.0,0.0,626.8390677788188,81.57293469875364,0.0,0.0,158.42706530124636,3.398872279114735,0.0,0.0,6.601127720885264
417.33745593554806,0.0,0.0,0.0,0.0,0.2995279897779551,330.44590168529356,0.0,0.0,620.2963900614491,83.41589208024433,0.0,0.0,156.58410791975567,3.4756621700101804,0.0,0.0,6.52433782998982
423.6638682836522,0.0,0.0,0.0,0.0,0.2995279897779551,335.31162331259867,0.0,0.0,613.4804063139698,84.8181551722114,0.0,0.0,155.1818448277886,3.534089798842142,0.0,0.0,6.4659102011578575
422.69519547510134,0.0,0.0,0.0,0.0,0.2995279897779551,334.64640329479215,0.0,0.0,615.5267762801536,84.52684049309684,0.0,0.0,155.47315950690316,3.5219516872123684,0.0,0.0,6.478048312787632
1133.7128454061049,0.0,0.0,0.0,0.0,0.2995279897779551,897.4613709858412,0.0,0.0,52.22727454337462,226.80141544345307,0.0,0.0,13.198584556546933,9.450058976810544,0.0,0.0,0.5499410231894561
557.9748233874407,0.0,0.0,0.0,0.0,0.2995279897779551,441.955876589862,0.0,0.0,510.3796875334576,111.37818892567553,0.0,0.0,128.62181107432446,4.640757871903147,0.0,0.0,5.359242128096853
880.5892675304938,0.0,0.0,0.0,0.0,0.2995279897779551,697.2109289142307,0.0,0.0,253.29791277237166,176.04320507161248,0.0,0.0,63.956794928387524,7.33513354465052,0.0,0.0,2.66486645534948
899.1329799471232,0.0,0.0,0.0,0.0,0.2995279897779551,711.9189490501536,0.0,0.0,238.75625627399677,179.72546966109078,0.0,0.0,60.274530338909216,7.488561235878784,0.0,0.0,2.511438764121216
619.2391766521705,0.0,0.0,0.0,0.0,0.2995279897779551,490.14239486493716,0.0,0.0,459.0338512028179,123.93291051574403,0.0,0.0,116.06708948425597,5.163871271489334,0.0,0.0,4.836128728510666
250.30610693919806,0.0,0.0,0.0,0.0,0.2995279897779551,198.11658810317215,0.0,0.0,750.9081994486828,50.10193808258488,0.0,0.0,189.89806191741513,2.0875807534410367,0.0,0.0,7.912419246558963
1199.1348836243608,0.0,0.0,0.0,68.8251978311705,0.2997918197029746,949.1348836243608,0.0,0.0,0.0,240.0,0.0,0.0,0.0,10.0,0.0,0.0,0.0
1200.7889042847564,1.7763568394002505e-15,0.0,0.0,151.00039923934673,0.3003706545667254,950.7889042847565,0.0,0.0,0.0,240.0,0.0,0.0,0.0,9.999999999999998,1.7763568394002505e-15,0.0,0.0
524.0725688108536,675.0854622275059,0.0,0.0,0.0,0.2973132022921443,414.81412345877277,534.3439075795867,0.0,0.0,104.88810753799756,135.11189246200246,0.0,0.0,4.370337814083232,5.629662185916768,0.0,0.0
486.039934731342,0.0,0.0,0.0,0.0,0.2973132022921443,384.8304949138785,0.0,0.0,565.7490547999143,97.1610622247649,0.0,0.0,142.83893777523508,4.048377592698538,0.0,0.0,5.951622407301462
636.2982808714089,0.0,0.0,0.0,0.0,0.2973132022921443,504.1930910506308,0.0,0.0,449.95771054666005,126.82098222794698,0.0,0.0,113.17901777205302,5.284207592831124,0.0,0.0,4.715792407168876
1056.090756350049,0.0,0.0,0.0,0.0,0.2973132022921443,836.3908255056235,0.0,0.0,115.35142390123985,210.91193361064848,0.0,0.0,29.088066389351525,8.78799723377702,0.0,0.0,1.2120027662229802
1199.3479529356644,0.0,0.0,0.0,78.39244693067326,0.29761370667204523,949.3479529356644,0.0,0.0,0.0,240.0,0.0,0.0,0.0,9.999999999999998,0.0,0.0,1.7763568394002505e-15
599.6723067640638,0.0,0.0,0.0,0.0,0.29761370667204523,474.9901926737009,0.0,0.0,477.412235170627,119.69482952674849,0.0,0.0,120.30517047325151,4.987284563614521,0.0,0.0,5.012715436385479
1029.235685844157,0.0,0.0,0.0,0.0,0.29761370667204523,814.6656500476294,0.0,0.0,134.5181992063275,205.98723436466648,0.0,0.0,34.01276563533352,8.582801431861103,0.0,0.0,1.4171985681388968
872.6752518517881,0.0,0.0,0.0,0.0,0.29761370667204523,690.2482260540692,0.0,0.0,255.6755248755751,175.12994476581017,0.0,0.0,64.87005523418983,7.297081031908759,0.0,0.0,2.7029189680912413
692.6020496085342,0.0,0.0,0.0,0.0,0.29761370667204523,548.0671164608303,0.0,0.0,399.91671091733485,138.75353582179577,0.0,0.0,101.24646417820423,5.781397325908157,0.0,0.0,4.218602674091843
1042.005205392202,0.0,0.0,0.0,0.0,0.29761370667204523,824.2418042495722,0.0,0.0,122.01661190837615,209.05286509692482,0.0,0.0,30.94713490307518,8.7105360457052,0.0,0.0,1.2894639542947992
365.33877245333196,0.0,0.0,0.0,0.0,0.29761370667204523,289.1819112528641,0.0,0.0,660.1150617790532,73.11058675244915,0.0,0.0,166.88941324755086,3.046274448018715,0.0,0.0,6.953725551981285
766.731263986438,0.0,0.0,0.0,0.0,0.29761370667204523,607.000487292619,0.0,0.0,343.03634946576005,153.3415456260662,0.0,0.0,86.65845437393381,6.389231067752758,0.0,0.0,3.6107689322472423
1164.3409435115866,0.0,0.0,0.0,0.0,0.29761370667204523,922.4457837325267,0.0,0.0,30.907090892023803,232.21935338789746,0.0,0.0,7.780646612102544,9.675806391162395,0.0,0.0,0.3241936088376054
1200.6538547475284,0.0,0.0,0.0,526.8401219520438,0.2996332604728614,950.6538547475284,0.0,0.0,0.0,240.0,0.0,0.0,0.0,10.000000000000002,0.0,0.0,0.0
305.72685993015426,0.0,0.0,0.0,0.0,0.2996332604728614,242.01049696333914,0.0,0.0,707.5513019790432,61.16770844814254,0.0,0.0,178.83229155185745,2.548654518672606,0.0,0.0,7.451345481327394
764.5288799367119,0.0,0.0,0.0,0.0,0.2996332604728614,605.4719011930572,0.0,0.0,346.1869099693098,152.6946995939085,0.0,0.0,87.3053004060915,6.362279149746188,0.0,0.0,3.637720850253812
539.0760298073996,0.0,0.0,0.0,0.0,0.2996332604728614,426.3531142329229,0.0,0.0,519.2246151490613,108.21399895149757,0.0,0.0,131.78600104850244,4.508916622979066,0.0,0.0,5.491083377020934
735.7292211141,0.0,0.0,0.0,0.0,0.2996332604728614,582.5124668784026,0.0,0.0,367.95876223781454,147.0880840662695,0.0,0.0,92.91191593373051,6.128670169427895,0.0,0.0,3.8713298305721047
1124.4416024074146,0.0,0.0,0.0,0.0,0.2996332604728614,890.4835188116574,0.0,0.0,61.05821157611649,224.599760251927,0.0,0.0,15.400239748073005,9.35832334383029,0.0,0.0,0.6416766561697091
440.36642924521243,0.0,0.0,0.0,0.0,0.2996332604728614,348.3967813918846,0.0,0.0,598.6460461165557,88.29086193919471,0.0,0.0,151.7091380608053,3.6787859141331127,0.0,0.0,6.321214085866887
531.5393404602379,0.0,0.0,0.0,0.0,0.2996332604728614,421.0126700745813,0.0,0.0,531.2748380118326,106.10560357023031,0.0,0.0,133.8943964297697,4.421066815426263,0.0,0.0,5.578933184573737
1200.6769928149888,0.0,0.0,0.0,176.27555953174124,0.3003089834510664,950.6769928149888,0.0,0.0,0.0,240.0,0.0,0.0,0.0,10.0,0.0,0.0,0.0
847.34617630021,351.8232478719884,0.0,0.0,0.0,0.2987155810603418,670.6934533363253,278.4759708358731,0.0,0.0,169.5866140453293,70.4133859546707,0.0,0.0,7.066108918555387,2.933891081444613,0.0,0.0
718.1058394578698,0.0,0.0,0.0,0.0,0.2987155810603418,541.6062848571672,0.0,0.0,409.6592788750453,170.80602058132513,0.0,0.0,129.19397941867487,5.6935340193775055,0.0,0.0,4.3064659806224945
896.6491003281803,0.0,0.0,0.0,0.0,0.2987155810603418,676.8372189286351,0.0,0.0,277.7041667869737,212.72117554794696,0.0,0.0,87.27882445205304,7.090705851598231,0.0,0.0,2.909294148401769
1214.836950329099,0.0,0.0,0.0,0.0,0.2987155810603418,916.0347514971854,0.0,0.0,34.328981012931536,289.16341822443246,0.0,0.0,10.836581775567538,9.638780607481081,0.0,0.0,0.3612193925189189
304.01597878071954,0.0,0.0,0.0,0.0,0.2987155810603418,229.24785540993884,0.0,0.0,721.2485857626618,72.3562484233362,0.0,0.0,227.64375157666382,2.41187494744454,0.0,0.0,7.58812505255546
859.5294537345369,0.0,0.0,0.0,0.0,0.2987155810603418,647.9036156961552,0.0,0.0,301.1776625047644,204.79919810165975,0.0,0.0,95.20080189834025,6.826639936721991,0.0,0.0,3.1733600632780092
1124.525498707789,0.0,0.0,0.0,0.0,0.2987155810603418,847.4828074840665,0.0,0.0,100.81750377700394,268.10583021650564,0.0,0.0,31.894169783494362,8.936861007216855,0.0,0.0,1.063138992783145
534.7266076078675,0.0,0.0,0.0,0.0,0.2987155810603418,403.3400532945964,0.0,0.0,548.3206183384921,127.14827836768177,0.0,0.0,172.85172163231823,4.2382759455893915,0.0,0.0,5.7617240544106085
1032.227026565106,0.0,0.0,0.0,0.0,0.2987155810603418,777.9208415978512,0.0,0.0,170.36699075033107,246.10275964573034,0.0,0.0,53.897240354269655,8.203425321524346,0.0,0.0,1.796574678475654
482.34364242938074,0.0,0.0,0.0,0.0,0.2987155810603418,363.68527315390395,0.0,0.0,586.4578593205348,114.83067994400979,0.0,0.0,185.16932005599023,3.8276893314669933,0.0,0.0,6.172310668533006
604.8010087924501,0.0,0.0,0.0,0.0,0.2987155810603418,455.8878566672698,0.0,0.0,493.15682843919996,144.10950205662616,0.0,0.0,155.89049794337384,4.803650068554205,0.0,0.0,5.196349931445795
1260.9579596514927,0.0,0.0,0.0,24.093010146186998,0.2988079375992355,950.9579596514927,0.0,0.0,0.0,300.0,0.0,0.0,0.0,10.0,0.0,0.0,0.0
322.4729134297363,0.0,0.0,0.0,0.0,0.2988079375992355,243.17633673309112,0.0,0.0,707.4909874774828,76.73862260965664,0.0,0.0,223.26137739034334,2.5579540869885546,0.0,0.0,7.442045913011445
1110.5399487075629,0.0,0.0,0.0,0.0,0.2988079375992355,837.7611025158172,0.0,0.0,114.31397737269856,263.97952857265705,0.0,0.0,36.020471427342954,8.799317619088567,0.0,0.0,1.2006823809114326
1258.9799672022905,0.0,0.0,0.0,186.58128397722112,0.2995231658544815,948.9799672022905,0.0,0.0,0.0,300.0,0.0,0.0,0.0,10.0,0.0,0.0,0.0
909.0525126567541,0.0,0.0,0.0,0.0,0.2995231658544815,685.3008865973867,0.0,0.0,264.15936353202653,216.5338316703555,0.0,0.0,83.46616832964449,7.21779438901185,0.0,0.0,2.78220561098815
826.8545544985055,0.0,0.0,0.0,0.0,0.2995231658544815,623.1055416601548,0.0,0.0,324.9369309082806,197.17646403711367,0.0,0.0,102.82353596288633,6.572548801237122,0.0,0.0,3.4274511987628777
685.5360156303636,0.0,0.0,0.0,0.0,0.2995231658544815,516.7533625861229,0.0,0.0,432.3580508937249,163.33805133313626,0.0,0.0,136.66194866686374,5.444601711104541,0.0,0.0,4.555398288895459
1173.7917543325914,0.0,0.0,0.0,0.0,0.2995231658544815,885.1745693875587,0.0,0.0,65.58003159853104,279.30695317261245,0.0,0.0,20.693046827387548,9.310231772420416,0.0,0.0,0.6897682275795844
923.615500621783,0.0,0.0,0.0,0.0,0.2995231658544815,696.6494817270088,0.0,0.0,254.86449550628186,219.64453441429754,0.0,0.0,80.35546558570246,7.321484480476585,0.0,0.0,2.6785155195234154
324.89934512025155,0.0,0.0,0.0,0.0,0.2995231658544815,244.84661441230938,0.0,0.0,703.3090549393354,77.47038455607309,0.0,0.0,222.5296154439269,2.582346151869103,0.0,0.0,7.417653848130897
690.3712385457144,0.0,0.0,0.0,0.0,0.2995231658544815,520.7521271312119,0.0,0.0,430.9870847089994,164.14752717532508,0.0,0.0,135.85247282467492,5.471584239177502,0.0,0.0,4.528415760822498
1262.7112757176099,0.0,0.0,0.0,38.130727833531864,0.29966933364451004,952.7112757176099,0.0,0.0,0.0,300.0,0.0,0.0,0.0,10.0,0.0,0.0,0.0
530.8426461562368,0.0,0.0,0.0,0.0,0.29966933364451004,400.3241552759659,0.0,0.0,550.5027145304814,126.30821698090743,0.0,0.0,173.69178301909255,4.210273899363581,0.0,0.0,5.789726100636419
1020.3586287489944,0.0,0.0,0.0,0.0,0.29966933364451004,770.063652728052,0.0,0.0,183.68993889706405,242.22094453639588,0.0,0.0,57.779055463604124,8.074031484546529,0.0,0.0,1.9259685154534711
776.3768493405727,0.0,0.0,0.0,0.0,0.29966933364451004,585.1285993755581,0.0,0.0,363.3238222262347,185.07895157904633,0.0,0.0,114.92104842095367,6.169298385968211,0.0,0.0,3.8307016140317893
846.800953139259,0.0,0.0,0.0,0.0,0.29966933364451004,638.0486161318485,0.0,0.0,309.4620744615287,202.01839065233287,0.0,0.0,97.98160934766713,6.733946355077761,0.0,0.0,3.2660536449222386
1069.6116458699453,0.0,0.0,0.0,0.0,0.29966933364451004,805.7081289825068,0.0,0.0,140.73443051968468,255.39050021365014,0.0,0.0,44.60949978634986,8.51301667378834,0.0,0.0,1.4869833262116607
215.42762099829778,0.0,0.0,0.0,0.0,0.29966933364451004,162.55115161179168,0.0,0.0,790.4409370111866,51.17077682565107,0.0,0.0,248.82922317434893,1.7056925608550355,0.0,0.0,8.294307439144964
1068.610641146399,0.0,0.0,0.0,0.0,0.29966933364451004,805.9712963678888,0.0,0.0,145.33743494481928,254.16710785017125,0.0,0.0,45.83289214982875,8.472236928339042,0.0,0.0,1.5277630716609583
870.4254933059094,0.0,0.0,0.0,0.0,0.29966933364451004,656.2542931502029,0.0,0.0,293.63453750797623,207.26245176358694,0.0,0.0,92.73754823641306,6.9087483921195645,0.0,0.0,3.0912516078804355
1155.9874477618537,0.0,0.0,0.0,0.0,0.29966933364451004,871.7041715638148,0.0,0.0,78.85576568882482,275.11284793358595,0.0,0.0,24.887152066414046,9.170428264452864,0.0,0.0,0.8295717355471357
262.6279833487251,0.0,0.0,0.0,0.0,0.29966933364451004,197.89752169051036,0.0,0.0,749.8515002148929,62.642382249885216,0.0,0.0,237.3576177501148,2.088079408329507,0.0,0.0,7.911920591670492
289.4314522398498,0.0,0.0,0.0,0.0,0.29966933364451004,218.4975026374457,0.0,0.0,736.394001321788,68.64575767974593,0.0,0.0,231.35424232025406,2.2881919226581977,0.0,0.0,7.711808077341802
293.79071346512376,0.0,0.0,0.0,0.0,0.29966933364451004,221.5236941675956,0.0,0.0,728.7347481963549,69.93582512664014,0.0,0.0,230.06417487335986,2.3311941708880046,0.0,0.0,7.668805829111996
659.0085169582803,0.0,0.0,0.0,0.0,0.29966933364451004,496.89964987524024,0.0,0.0,453.31913971396955,156.87954879003883,0.0,0.0,143.12045120996117,5.229318293001294,0.0,0.0,4.770681706998706
451.95215832159914,0.0,0.0,0.0,0.0,0.29966933364451004,340.88552961096303,0.0,0.0,610.5660036368342,107.48383423609947,0.0,0.0,192.51616576390052,3.5827944745366485,0.0,0.0,6.417205525463352
607.2748301252416,0.0,0.0,0.0,0.0,0.29966933364451004,457.9799310066936,0.0,0.0,492.9820874567798,144.47893463085288,0.0,0.0,155.52106536914712,4.815964487695096,0.0,0.0,5.184035512304904
220.0380976360487,0.0,0.0,0.0,0.0,0.29966933364451004,165.92097196349383,0.0,0.0,784.5267960850645,52.37141194118211,0.0,0.0,247.62858805881788,1.7457137313727369,0.0,0.0,8.254286268627263
402.4097236431187,0.0,0.0,0.0,0.0,0.29966933364451004,303.2797762528567,0.0,0.0,645.1392748362528,95.93220715186641,0.0,0.0,204.0677928481336,3.1977402383955473,0.0,0.0,6.802259761604453
970.4735768869145,0.0,0.0,0.0,0.0,0.29966933364451004,731.8848191601919,0.0,0.0,219.05811755408013,230.89234618715085,0.0,0.0,69.10765381284915,7.696411539571695,0.0,0.0,2.303588460428305
461.9465765640318,0.0,0.0,0.0,0.0,0.29966933364451004,348.63156428071534,0.0,0.0,605.1324847122347,109.65968930643527,0.0,0.0,190.34031069356473,3.655322976881176,0.0,0.0,6.344677023118824
833.9828357223505,0.0,0.0,0.0,0.0,0.29966933364451004,629.2338418553892,0.0,0.0,323.45699823692075,198.14418761318842,0.0,0.0,101.85581238681158,6.604806253772948,0.0,0.0,3.3951937462270516
179.07304382203708,0.0,0.0,0.0,0.0,0.29966933364451004,135.12652511327266,0.0,0.0,818.0598481400061,42.52888907299783,0.0,0.0,257.4711109270022,1.4176296357665943,0.0,0.0,8.582370364233405
558.988944461584,0.0,0.0,0.0,0.0,0.29966933364451004,421.3482294095279,0.0,0.0,527.6293392376098,133.2006919858607,0.0,0.0,166.7993080141393,4.440023066195357,0.0,0.0,5.559976933804643
806.4629031419926,0.0,0.0,0.0,0.0,0.29966933364451004,607.7352653399348,0.0,0.0,340.285525019548,192.31706884070104,0.0,0.0,107.68293115929896,6.4105689613567005,0.0,0.0,3.5894310386432995
463.23983744735756,0.0,0.0,0.0,0.0,0.29966933364451004,349.24537107089037,0.0,0.0,600.5030550889103,110.31722552561341,0.0,0.0,189.68277447438658,3.67724085085378,0.0,0.0,6.32275914914622
212.73559317728518,0.0,0.0,0.0,0.0,0.29966933364451004,160.40051289995006,0.0,0.0,789.7109369246273,50.64685188129206,0.0,0.0,249.35314811870794,1.6882283960430686,0.0,0.0,8.311771603956931
698.4962817733195,0.0,0.0,0.0,0.0,0.29966933364451004,526.941979531424,0.0,0.0,425.24640350551795,166.0202924921571,0.0,0.0,133.9797075078429,5.53400974973857,0.0,0.0,4.46599025026143
425.28127506855685,0.0,0.0,0.0,0.0,0.29966933364451004,320.3667325479455,0.0,0.0,626.2483381926248,101.53020243930132,0.0,0.0,198.46979756069868,3.384340081310044,0.0,0.0,6.615659918689956
545.267555237585,0.0,0.0,0.0,0.0,0.29966933364451004,411.4393424182913,0.0,0.0,541.6197582206299,129.5111736960908,0.0,0.0,170.4888263039092,4.317039123203026,0.0,0.0,5.682960876796974
119.17555821589515,0.0,0.0,0.0,0.0,0.29966933364451004,89.84723181797972,0.0,0.0,859.8367523848623,28.382251352821385,0.0,0.0,271.6177486471786,0.9460750450940463,0.0,0.0,9.053924954905954
418.40599796880406,0.0,0.0,0.0,0.0,0.29966933364451004,315.3950406468318,0.0,0.0,633.7511972132734,99.68802321481188,0.0,0.0,200.3119767851881,3.3229341071603957,0.0,0.0,6.677065892839604
133.6824965096755,0.0,0.0,0.0,0.0,0.29966933364451004,100.7394349609014,0.0,0.0,847.2363562885782,31.880382143974934,0.0,0.0,268.11961785602506,1.0626794047991643,0.0,0.0,8.937320595200836
558.2161599851743,0.0,0.0,0.0,0.0,0.29966933364451004,420.5155575114829,0.0,0.0,526.1747291447855,133.25864755518515,0.0,0.0,166.74135244481485,4.441954918506171,0.0,0.0,5.558045081493829
376.19944072661383,0.0,0.0,0.0,0.0,0.29966933364451004,283.76321448805334,0.0,0.0,667.8831266798705,89.4544124889295,0.0,0.0,210.5455875110705,2.981813749630984,0.0,0.0,7.018186250369016
162.71244388086137,0.0,0.0,0.0,0.0,0.29966933364451004,122.6846755524033,0.0,0.0,827.4619603819735,38.736549995282,0.0,0.0,261.263450004718,1.291218333176067,0.0,0.0,8.708781666823933
332.9698760173764,0.0,0.0,0.0,0.0,0.29966933364451004,250.88063364333635,0.0,0.0,696.5394445571815,79.44120229745809,0.0,0.0,220.5587977025419,2.6480400765819363,0.0,0.0,7.351959923418064
83.13585964933951,0.0,0.0,0.0,0.0,0.29966933364451004,62.63966531308459,0.0,0.0,884.7701771427882,19.83502677702089,0.0,0.0,280.1649732229791,0.6611675592340296,0.0,0.0,9.33883244076597
260.9528089087376,0.0,0.0,0.0,0.0,0.29966933364451004,196.71589596691248,0.0,0.0,752.6125346345073,62.16475445983076,0.0,0.0,237.83524554016924,2.0721584819943586,0.0,0.0,7.927841518005641
491.31070269091714,0.0,0.0,0.0,0.0,0.29966933364451004,370.75206150062206,0.0,0.0,582.5859815499567,116.66965276480171,0.0,0.0,183.3303472351983,3.8889884254933906,0.0,0.0,6.111011574506609
323.4419246653352,0.0,0.0,0.0,0.0,0.29966933364451004,243.8321400070683,0.0,0.0,705.6486772902044,77.0417270886454,0.0,0.0,222.95827291135458,2.5680575696215135,0.0,0.0,7.431942430378486
169.86932926044213,0.0,0.0,0.0,0.0,0.29966933364451004,127.97612686785722,0.0,0.0,819.0175872259065,40.54180876701766,0.0,0.0,259.45819123298236,1.3513936255672556,0.0,0.0,8.648606374432745
64.19880198880358,0.0,0.0,0.0,0.0,0.29966933364451004,48.3976951305816,0.0,0.0,901.1108187412465,15.291393733763199,0.0,0.0,284.7086062662368,0.5097131244587734,0.0,0.0,9.490286875541226
232.43784339568575,0.0,0.0,0.0,0.0,0.29966933364451004,175.22598824060466,0.0,0.0,774.2285646199,55.36631144040103,0.0,0.0,244.63368855959897,1.845543714680034,0.0,0.0,8.154456285319966
137.741161074042,0.0,0.0,0.0,0.0,0.29966933364451004,103.70676922761695,0.0,0.0,840.8994574864998,32.93650823847584,0.0,0.0,267.0634917615242,1.0978836079491947,0.0,0.0,8.902116392050806
38.51550288071315,0.0,0.0,0.0,0.0,0.29966933364451004,29.038649720414917,0.0,0.0,920.8527605465495,9.171148219643447,0.0,0.0,290.82885178035656,0.3057049406547816,0.0,0.0,9.694295059345219
162.39674002361423,0.0,0.0,0.0,0.0,0.29966933364451004,122.42733523094958,0.0,0.0,827.1107957086331,38.68006915419158,0.0,0.0,261.3199308458084,1.2893356384730525,0.0,0.0,8.710664361526948
104.96019616810243,0.0,0.0,0.0,0.0,0.29966933364451004,79.16516166198792,0.0,0.0,872.2272510676389,24.96293661882049,0.0,0.0,275.0370633811795,0.8320978872940163,0.0,0.0,9.167902112705983
71.8396841218298,0.0,0.0,0.0,0.0,0.29966933364451004,54.216562438282416,0.0,0.0,899.4813497516083,17.054633887303936,0.0,0.0,282.9453661126961,0.5684877962434646,0.0,0.0,9.431512203756535
68.20155247941533,0.0,0.0,0.0,0.0,0.29966933364451004,51.45175739859115,0.0,0.0,900.8013726605044,16.209479110475,0.0,0.0,283.790520889525,0.5403159703491668,0.0,0.0,9.459684029650834
36.11577296389676,0.0,0.0,0.0,0.0,0.29966933364451004,27.226352211341293,0.0,0.0,922.2358704075491,8.602665244408515,0.0,0.0,291.3973347555915,0.2867555081469505,0.0,0.0,9.71324449185305
15.795388465520979,0.0,0.0,0.0,0.0,0.29966933364451004,11.902383826391137,0.0,0.0,935.8845643561256,3.7674238443192025,0.0,0.0,296.2325761556808,0.12558079481064008,0.0,0.0,9.87441920518936
5.2210931137041165e-14,0.0,0.0,0.0,0.0,0.29966933364451004,4.05259677873963e-14,0.0,0.0,1075.1467196064996,1.130802904804342e-14,0.0,0.0,300.0,3.769343016014473e-16,0.0,0.0,10.0
0.0,0.0,0.0,0.0,0.0,0.29966933364451004,0.0,0.0,0.0,1070.118436868029,0.0,0.0,0.0,60.0,0.0,0.0,0.0,10.0
0.0,0.0,0.0,0.0,0.0,0.29966933364451004,0.0,0.0,0.0,1070.027858583826,0.0,0.0,0.0,60.0,0.0,0.0,0.0,10.0
0.0,0.0,0.0,0.0,0.0,0.29966933364451004,0.0,0.0,0.0,1069.95174982578,0.0,0.0,0.0,60.0,0.0,0.0,0.0,10.0
0.0,0.0,0.0,0.0,0.0,0.29966933364451004,0.0,0.0,0.0,1070.3961695215357,0.0,0.0,0.0,60.0,0.0,0.0,0.0,10.0
0.0,0.0,0.0,0.0,0.0,0.29966933364451004,0.0,0.0,0.0,1069.711279176152,0.0,0.0,0.0,60.0,0.0,0.0,0.0,10.0
0.0,0.0,0.0,0.0,0.0,0.29966933364451004,0.0,0.0,0.0,1068.8526759862395,0.0,0.0,0.0,60.0,0.0,0.0,0.0,10.0
0.0,0.0,0.0,0.0,0.0,0.29966933364451004,0.0,0.0,0.0,1068.9062821175194,0.0,0.0,0.0,60.0,0.0,0.0,0.0,10.0
0.0,0.0,0.0,0.0,0.0,0.29966933364451004,0.0,0.0,0.0,1069.9344934595679,0.0,0.0,0.0,60.0,0.0,0.0,0.0,10.0
0.0,0.0,0.0,0.0,0.0,0.29966933364451004,0.0,0.0,0.0,1068.9131504577326,0.0,0.0,0.0,60.0,0.0,0.0,0.0,10.0
0.0,0.0,0.0,0.0,0.0,0.29966933364451004,0.0,0.0,0.0,1068.5743084346457,0.0,0.0,0.0,60.0,0.0,0.0,0.0,10.0
0.0,0.0,0.0,0.0,0.0,0.29966933364451004,0.0,0.0,0.0,1070.2128604553836,0.0,0.0,0.0,60.0,0.0,0.0,0.0,10.0
0.0,0.0,0.0,0.0,0.0,0.29966933364451004,0.0,0.0,0.0,1069.4900455651582,0.0,0.0,0.0,60.0,0.0,0.0,0.0,80.0
0.0,0.0,0.0,0.0,0.0,0.29966933364451004,0.0,0.0,0.0,1073.0079859771654,0.0,0.0,0.0,60.0,0.0,0.0,0.0,80.0
0.0,0.0,0.0,0.0,0.0,0.29966933364451004,0.0,0.0,0.0,1064.698060383214,0.0,0.0,0.0,60.0,0.0,0.0,0.0,80.0
0.0,0.0,0.0,0.0,0.0,0.29966933364451004,0.0,0.0,0.0,1072.183013703845,0.0,0.0,0.0,60.0,0.0,0.0,0.0,80.0
0.0,0.0,0.0,0.0,0.0,0.29966933364451004,0.0,0.0,0.0,1072.4921703849952,0.0,0.0,0.0,60.0,0.0,0.0,0.0,480.0
0.0,0.0,0.0,0.0,0.0,0.29966933364451004,0.0,0.0,0.0,1065.8532195351836,0.0,0.0,0.0,60.0,0.0,0.0,0.0,480.0
0.0,0.0,0.0,0.0,0.0,0.29966933364451004,0.0,0.0,0.0,1069.3146248118392,0.0,0.0,0.0,60.0,0.0,0.0,0.0,480.0
0.0,0.0,0.0,0.0,0.0,0.29966933364451004,0.0,0.0,0.0,1069.2571182680085,0.0,0.0,0.0,60.0,0.0,0.0,0.0,480.0
0.0,0.0,0.0,0.0,0.0,0.29966933364451004,0.0,0.0,0.0,1067.1849766105643,0.0,0.0,0.0,60.0,0.0,0.0,0.0,480.0
0.0,0.0,0.0,0.0,0.0,0.29966933364451004,0.0,0.0,0.0,1068.4443666248183,0.0,0.0,0.0,60.0,0.0,0.0,0.0,480.0
0.0,0.0,0.0,0.0,0.0,0.29966933364451004,0.0,0.0,0.0,1067.7788483090685,0.0,0.0,0.0,60.0,0.0,0.0,0.0,80.0
0.0,0.0,0.0,0.0,0.0,0.29966933364451004,0.0,0.0,0.0,1073.5045408868473,0.0,0.0,0.0,60.0,0.0,0.0,0.0,80.0
0.0,0.0,0.0,0.0,0.0,0.29966933364451004,0.0,0.0,0.0,1071.8713567862949,0.0,0.0,0.0,60.0,0.0,0.0,0.0,80.0
0.0,0.0,0.0,0.0,0.0,0.29966933364451004,0.0,0.0,0.0,1072.5431101899883,0.0,0.0,0.0,60.0,0.0,0.0,0.0,80.0
0.0,0.0,0.0,0.0,0.0,0.29966933364451004,0.0,0.0,0.0,1071.4433441280864,0.0,0.0,0.0,60.0,0.0,0.0,0.0,80.0
0.0,0.0,0.0,0.0,0.0,0.29966933364451004,0.0,0.0,0.0,1067.7418964575654,0.0,0.0,0.0,60.0,0.0,0.0,0.0,80.0
0.0,0.0,0.0,0.0,0.0,0.29966933364451004,0.0,0.0,0.0,1068.9509594674405,0.0,0.0,0.0,60.0,0.0,0.0,0.0,80.0
0.0,0.0,0.0,0.0,0.0,0.29966933364451004,0.0,0.0,0.0,1070.9787491224558,0.0,0.0,0.0,60.0,0.0,0.0,0.0,80.0
0.0,0.0,0.0,0.0,0.0,0.29966933364451004,0.0,0.0,0.0,1067.555744382216,0.0,0.0,0.0,60.0,0.0,0.0,0.0,80.0
0.0,0.0,0.0,0.0,0.0,0.29966933364451004,0.0,0.0,0.0,1071.4259968603446,0.0,0.0,0.0,60.0,0.0,0.0,0.0,80.0
0.0,0.0,0.0,0.0,0.0,0.29966933364451004,0.0,0.0,0.0,1069.5193492036838,0.0,0.0,0.0,60.0,0.0,0.0,0.0,80.0
0.0,0.0,0.0,0.0,0.0,0.29966933364451004,0.0,0.0,0.0,1069.2503583849007,0.0,0.0,0.0,60.0,0.0,0.0,0.0,80.0
0.0,0.0,0.0,0.0,0.0,0.29966933364451004,0.0,0.0,0.0,1071.421919936407,0.0,0.0,0.0,60.0,0.0,0.0,0.0,80.0
0.0,0.0,0.0,0.0,0.0,0.29966933364451004,0.0,0.0,0.0,1070.8885266229722,0.0,0.0,0.0,60.0,0.0,0.0,0.0,80.0
0.0,0.0,0.0,0.0,0.0,0.29966933364451004,0.0,0.0,0.0,1069.278067668362,0.0,0.0,0.0,60.0,0.0,0.0,0.0,80.0
0.0,0.0,0.0,0.0,0.0,0.29966933364451004,0.0,0.0,0.0,1072.3186596067285,0.0,0.0,0.0,60.0,0.0,0.0,0.0,80.0
0.0,0.0,0.0,0.0,0.0,0.29966933364451004,0.0,0.0,0.0,1067.8378733448003,0.0,0.0,0.0,60.0,0.0,0.0,0.0,80.0
0.0,0.0,0.0,0.0,0.0,0.29966933364451004,0.0,0.0,0.0,1071.2318712138886,0.0,0.0,0.0,60.0,0.0,0.0,0.0,80.0
0.0,0.0,0.0,0.0,0.0,0.29966933364451004,0.0,0.0,0.0,1071.1862025159367,0.0,0.0,0.0,60.0,0.0,0.0,0.0,80.0
0.0,0.0,0.0,0.0,0.0,0.29966933364451004,0.0,0.0,0.0,1069.380907121372,0.0,0.0,0.0,60.0,0.0,0.0,0.0,80.0
0.0,0.0,0.0,0.0,0.0,0.29966933364451004,0.0,0.0,0.0,1070.6522660444843,0.0,0.0,0.0,60.0,0.0,0.0,0.0,80.0
0.0,0.0,0.0,0.0,0.0,0.29966933364451004,0.0,0.0,0.0,1067.4977728472295,0.0,0.0,0.0,60.0,0.0,0.0,0.0,80.0
0.0,0.0,0.0,0.0,0.0,0.29966933364451004,0.0,0.0,0.0,1071.848054038414,0.0,0.0,0.0,60.0,0.0,0.0,0.0,80.0
0.0,0.0,0.0,0.0,0.0,0.29966933364451004,0.0,0.0,0.0,1069.630195727114,0.0,0.0,0.0,60.0,0.0,0.0,0.0,80.0
0.0,0.0,0.0,0.0,0.0,0.29966933364451004,0.0,0.0,0.0,1068.954553958962,0.0,0.0,0.0,60.0,0.0,0.0,0.0,80.0
0.0,0.0,0.0,0.0,0.0,0.29966933364451004,0.0,0.0,0.0,1072.0980184516739,0.0,0.0,0.0,60.0,0.0,0.0,0.0,80.0
0.0,0.0,0.0,0.0,0.0,0.29966933364451004,0.0,0.0,0.0,1068.5913126189143,0.0,0.0,0.0,60.0,0.0,0.0,0.0,80.0
0.0,0.0,0.0,0.0,0.0,0.29966933364451004,0.0,0.0,0.0,1067.1830774072728,0.0,0.0,0.0,60.0,0.0,0.0,0.0,10.0
0.0,0.0,0.0,0.0,0.0,0.29966933364451004,0.0,0.0,0.0,1066.8867416529522,0.0,0.0,0.0,60.0,0.0,0.0,0.0,10.0
0.0,0.0,0.0,0.0,0.0,0.29966933364451004,0.0,0.0,0.0,1071.2120199026913,0.0,0.0,0.0,60.0,0.0,0.0,0.0,10.0
0.0,0.0,0.0,0.0,0.0,0.29966933364451004,0.0,0.0,0.0,1067.4391412950074,0.0,0.0,0.0,60.0,0.0,0.0,0.0,10.0
0.0,0.0,0.0,0.0,0.0,0.29966933364451004,0.0,0.0,0.0,1073.5095883639688,0.0,0.0,0.0,60.0,0.0,0.0,0.0,10.0
0.0,0.0,0.0,0.0,0.0,0.29966933364451004,0.0,0.0,0.0,1065.8361411842325,0.0,0.0,0.0,60.0,0.0,0.0,0.0,10.0
0.0,0.0,0.0,0.0,0.0,0.29966933364451004,0.0,0.0,0.0,1073.39291273658,0.0,0.0,0.0,60.0,0.0,0.0,0.0,10.0
0.0,0.0,0.0,0.0,0.0,0.29966933364451004,0.0,0.0,0.0,1070.4220349344052,0.0,0.0,0.0,60.0,0.0,0.0,0.0,10.0
0.0,0.0,0.0,0.0,0.0,0.29966933364451004,0.0,0.0,0.0,1069.8065737762593,0.0,0.0,0.0,60.0,0.0,0.0,0.0,10.0
0.0,0.0,0.0,0.0,0.0,0.29966933364451004,0.0,0.0,0.0,1068.9101618263821,0.0,0.0,0.0,60.0,0.0,0.0,0.0,10.0
0.0,0.0,0.0,0.0,0.0,0.29966933364451004,0.0,0.0,0.0,1070.7982722287043,0.0,0.0,0.0,60.0,0.0,0.0,0.0,10.0
0.0,0.0,0.0,0.0,0.0,0.29966933364451004,0.0,0.0,0.0,1069.9247305951503,0.0,0.0,0.0,60.0,0.0,0.0,0.0,10.0
0.0,0.0,0.0,0.0,0.0,0.29966933364451004,0.0,0.0,0.0,1072.206603764033,0.0,0.0,0.0,60.0,0.0,0.0,0.0,10.0
0.0,0.0,0.0,0.0,0.0,0.29966933364451004,0.0,0.0,0.0,1070.2284552973242,0.0,0.0,0.0,60.0,0.0,0.0,0.0,10.0
0.0,0.0,0.0,0.0,0.0,0.29966933364451004,0.0,0.0,0.0,1070.3006035229237,0.0,0.0,0.0,60.0,0.0,0.0,0.0,410.0
0.0,0.0,0.0,0.0,0.0,0.29966933364451004,0.0,0.0,0.0,1069.2727755755723,0.0,0.0,0.0,60.0,0.0,0.0,0.0,410.0
0.0,0.0,0.0,0.0,0.0,0.29966933364451004,0.0,0.0,0.0,1069.886108752558,0.0,0.0,0.0,60.0,0.0,0.0,0.0,410.0
0.0,0.0,0.0,0.0,0.0,0.29966933364451004,0.0,0.0,0.0,1070.615603537784,0.0,0.0,0.0,60.0,0.0,0.0,0.0,410.0
0.0,0.0,0.0,0.0,0.0,0.29966933364451004,0.0,0.0,0.0,1066.5796632146867,0.0,0.0,0.0,60.0,0.0,0.0,0.0,410.0
0.0,0.0,0.0,0.0,0.0,0.29966933364451004,0.0,0.0,0.0,1067.3036291557887,0.0,0.0,0.0,60.0,0.0,0.0,0.0,410.0
0.0,0.0,0.0,0.0,0.0,0.29966933364451004,0.0,0.0,0.0,1071.4865281880454,0.0,0.0,0.0,60.0,0.0,0.0,0.0,10.0
0.0,0.0,0.0,0.0,0.0,0.29966933364451004,0.0,0.0,0.0,1070.341730876256,0.0,0.0,0.0,60.0,0.0,0.0,0.0,10.0
0.0,0.0,0.0,0.0,0.0,0.29966933364451004,0.0,0.0,0.0,1069.6320333272947,0.0,0.0,0.0,60.0,0.0,0.0,0.0,10.0
0.0,0.0,0.0,0.0,0.0,0.29966933364451004,0.0,0.0,0.0,1070.0368678661307,0.0,0.0,0.0,60.0,0.0,0.0,0.0,10.0
0.0,0.0,0.0,0.0,0.0,0.29966933364451004,0.0,0.0,0.0,1070.6951634107234,0.0,0.0,0.0,60.0,0.0,0.0,0.0,10.0
0.0,0.0,0.0,0.0,0.0,0.29966933364451004,0.0,0.0,0.0,1068.9204806393814,0.0,0.0,0.0,60.0,0.0,0.0,0.0,10.0
0.0,0.0,0.0,0.0,0.0,0.29966933364451004,0.0,0.0,0.0,1068.4433905491953,0.0,0.0,0.0,60.0,0.0,0.0,0.0,10.0
0.0,0.0,0.0,0.0,0.0,0.29966933364451004,0.0,0.0,0.0,1070.3916905101955,0.0,0.0,0.0,60.0,0.0,0.0,0.0,10.0
0.0,0.0,0.0,0.0,0.0,0.29966933364451004,0.0,0.0,0.0,1068.04325444477,0.0,0.0,0.0,60.0,0.0,0.0,0.0,10.0
0.0,0.0,0.0,0.0,0.0,0.29966933364451004,0.0,0.0,0.0,1070.816505511429,0.0,0.0,0.0,60.0,0.0,0.0,0.0,10.0
0.0,0.0,0.0,0.0,0.0,0.29966933364451004,0.0,0.0,0.0,1066.5948327915244,0.0,0.0,0.0,60.0,0.0,0.0,0.0,10.0
0.0,0.0,0.0,0.0,0.0,0.29966933364451004,0.0,0.0,0.0,1072.0583112746513,0.0,0.0,0.0,60.0,0.0,0.0,0.0,10.0
0.0,0.0,0.0,0.0,0.0,0.29966933364451004,0.0,0.0,0.0,1070.945194964826,0.0,0.0,0.0,60.0,0.0,0.0,0.0,10.0
0.0,0.0,0.0,0.0,0.0,0.29966933364451004,0.0,0.0,0.0,1070.5120594686277,0.0,0.0,0.0,60.0,0.0,0.0,0.0,10.0
0.0,0.0,0.0,0.0,0.0,0.29966933364451004,0.0,0.0,0.0,1071.965381967891,0.0,0.0,0.0,60.0,0.0,0.0,0.0,10.0
0.0,0.0,0.0,0.0,0.0,0.29966933364451004,0.0,0.0,0.0,1073.3309488889251,0.0,0.0,0.0,60.0,0.0,0.0,0.0,10.0
0.0,0.0,0.0,0.0,0.0,0.29966933364451004,0.0,0.0,0.0,1072.028740130036,0.0,0.0,0.0,60.0,0.0,0.0,0.0,10.0
0.0,0.0,0.0,0.0,0.0,0.29966933364451004,0.0,0.0,0.0,1066.3182515373367,0.0,0.0,0.0,60.0,0.0,0.0,0.0,10.0
0.0,0.0,0.0,0.0,0.0,0.29966933364451004,0.0,0.0,0.0,1067.4408460665286,0.0,0.0,0.0,60.0,0.0,0.0,0.0,10.0
0.0,0.0,0.0,0.0,0.0,0.29966933364451004,0.0,0.0,0.0,1068.7503628446086,0.0,0.0,0.0,60.0,0.0,0.0,0.0,10.0
0.0,0.0,0.0,0.0,0.0,0.29966933364451004,0.0,0.0,0.0,1070.0521821004218,0.0,0.0,0.0,60.0,0.0,0.0,0.0,10.0
0.0,0.0,0.0,0.0,0.0,0.29966933364451004,0.0,0.0,0.0,1071.0353180409384,0.0,0.0,0.0,60.0,0.0,0.0,0.0,10.0
0.0,0.0,0.0,0.0,0.0,0.29966933364451004,0.0,0.0,0.0,1068.548512373693,0.0,0.0,0.0,60.0,0.0,0.0,0.0,10.0
0.0,0.0,0.0,0.0,0.0,0.29966933364451004,0.0,0.0,0.0,1070.373533528954,0.0,0.0,0.0,60.0,0.0,0.0,0.0,10.0
0.0,0.0,0.0,0.0,0.0,0.29966933364451004,0.0,0.0,0.0,1068.4892341352934,0.0,0.0,0.0,60.0,0.0,0.0,0.0,10.0
0.0,0.0,0.0,0.0,0.0,0.29966933364451004,0.0,0.0,0.0,1068.776964394016,0.0,0.0,0.0,60.0,0.0,0.0,0.0,10.0
0.0,0.0,0.0,0.0,0.0,0.29966933364451004,0.0,0.0,0.0,1067.1866778063036,0.0,0.0,0.0,60.0,0.0,0.0,0.0,10.0
0.0,0.0,0.0,0.0,0.0,0.29966933364451004,0.0,0.0,0.0,1068.1535335077783,0.0,0.0,0.0,60.0,0.0,0.0,0.0,10.0
0.0,0.0,0.0,0.0,0.0,0.29966933364451004,0.0,0.0,0.0,1067.2966307887673,0.0,0.0,0.0,60.0,0.0,0.0,0.0,10.0
0.0,0.0,0.0,0.0,0.0,0.29966933364451004,0.0,0.0,0.0,1068.0482534940452,0.0,0.0,0.0,60.0,0.0,0.0,0.0,10.0
0.0,0.0,0.0,0.0,0.0,0.29966933364451004,0.0,0.0,0.0,1072.1072835932157,0.0,0.0,0.0,60.0,0.0,0.0,0.0,10.0
0.0,0.0,0.0,0.0,0.0,0.29966933364451004,0.0,0.0,0.0,1068.1012022223363,0.0,0.0,0.0,60.0,0.0,0.0,0.0,10.0
0.0,0.0,0.0,0.0,0.0,0.29966933364451004,0.0,0.0,0.0,1075.2647641296749,0.0,0.0,0.0,60.0,0.0,0.0,0.0,10.0
0.0,0.0,0.0,0.0,0.0,0.29966933364451004,0.0,0.0,0.0,1070.9866358017616,0.0,0.0,0.0,60.0,0.0,0.0,0.0,410.0
0.0,0.0,0.0,0.0,0.0,0.29966933364451004,0.0,0.0,0.0,1070.3696722473896,0.0,0.0,0.0,60.0,0.0,0.0,0.0,410.0
0.0,0.0,0.0,0.0,0.0,0.29966933364451004,0.0,0.0,0.0,1068.2832844396376,0.0,0.0,0.0,60.0,0.0,0.0,0.0,410.0
0.0,0.0,0.0,0.0,0.0,0.29966933364451004,0.0,0.0,0.0,1071.400619758818,0.0,0.0,0.0,60.0,0.0,0.0,0.0,410.0
0.0,0.0,0.0,0.0,0.0,0.29966933364451004,0.0,0.0,0.0,1068.8487243475245,0.0,0.0,0.0,60.0,0.0,0.0,0.0,410.0
0.0,0.0,0.0,0.0,0.0,0.29966933364451004,0.0,0.0,0.0,1070.2440196292907,0.0,0.0,0.0,60.0,0.0,0.0,0.0,410.0
0.0,0.0,0.0,0.0,0.0,0.29966933364451004,0.0,0.0,0.0,1075.1201690765374,0.0,0.0,0.0,60.0,0.0,0.0,0.0,10.0
0.0,0.0,0.0,0.0,0.0,0.29966933364451004,0.0,0.0,0.0,1069.8078802005507,0.0,0.0,0.0,60.0,0.0,0.0,0.0,10.0
0.0,0.0,0.0,0.0,0.0,0.29966933364451004,0.0,0.0,0.0,1072.2985466525713,0.0,0.0,0.0,60.0,0.0,0.0,0.0,10.0
0.0,0.0,0.0,0.0,0.0,0.29966933364451004,0.0,0.0,0.0,1068.5936471497482,0.0,0.0,0.0,60.0,0.0,0.0,0.0,10.0
0.0,0.0,0.0,0.0,0.0,0.29966933364451004,0.0,0.0,0.0,1069.930023019006,0.0,0.0,0.0,60.0,0.0,0.0,0.0,10.0
0.0,0.0,0.0,0.0,0.0,0.29966933364451004,0.0,0.0,0.0,1073.541601271271,0.0,0.0,0.0,60.0,0.0,0.0,0.0,10.0
0.0,0.0,0.0,0.0,0.0,0.29966933364451004,0.0,0.0,0.0,1068.7460658844243,0.0,0.0,0.0,60.0,0.0,0.0,0.0,10.0
0.0,0.0,0.0,0.0,0.0,0.29966933364451004,0.0,0.0,0.0,1073.624897115994,0.0,0.0,0.0,60.0,0.0,0.0,0.0,10.0
0.0,0.0,0.0,0.0,0.0,0.29966933364451004,0.0,0.0,0.0,1071.415503870911,0.0,0.0,0.0,60.0,0.0,0.0,0.0,10.0
0.0,0.0,0.0,0.0,0.0,0.29966933364451004,0.0,0.0,0.0,1068.8750664482113,0.0,0.0,0.0,60.0,0.0,0.0,0.0,10.0
0.0,0.0,0.0,0.0,0.0,0.29966933364451004,0.0,0.0,0.0,1071.264815478111,0.0,0.0,0.0,60.0,0.0,0.0,0.0,10.0
0.0,0.0,0.0,0.0,0.0,0.29966933364451004,0.0,0.0,0.0,1071.9451088992535,0.0,0.0,0.0,60.0,0.0,0.0,0.0,10.0
0.0,0.0,0.0,0.0,0.0,0.29966933364451004,0.0,0.0,0.0,1071.2436199244344,0.0,0.0,0.0,60.0,0.0,0.0,0.0,10.0
0.0,0.0,0.0,0.0,0.0,0.29966933364451004,0.0,0.0,0.0,1066.859550560219,0.0,0.0,0.0,60.0,0.0,0.0,0.0,10.0
0.0,0.0,0.0,0.0,0.0,0.29966933364451004,0.0,0.0,0.0,1068.5457256483503,0.0,0.0,0.0,60.0,0.0,0.0,0.0,10.0
0.0,0.0,0.0,0.0,0.0,0.29966933364451004,0.0,0.0,0.0,1069.504962728897,0.0,0.0,0.0,60.0,0.0,0.0,0.0,10.0
0.0,0.0,0.0,0.0,0.0,0.29966933364451004,0.0,0.0,0.0,1069.8511331418,0.0,0.0,0.0,60.0,0.0,0.0,0.0,10.0
0.0,0.0,0.0,0.0,0.0,0.29966933364451004,0.0,0.0,0.0,1071.2413441951012,0.0,0.0,0.0,60.0,0.0,0.0,0.0,10.0
0.0,0.0,0.0,0.0,0.0,0.29966933364451004,0.0,0.0,0.0,1070.3554020018664,0.0,0.0,0.0,60.0,0.0,0.0,0.0,10.0
0.0,0.0,0.0,0.0,0.0,0.29966933364451004,0.0,0.0,0.0,1067.32931128258,0.0,0.0,0.0,60.0,0.0,0.0,0.0,10.0
0.0,0.0,0.0,0.0,0.0,0.29966933364451004,0.0,0.0,0.0,1070.760395702012,0.0,0.0,0.0,60.0,0.0,0.0,0.0,10.0
0.0,0.0,0.0,0.0,0.0,0.29966933364451004,0.0,0.0,0.0,1071.2211714905675,0.0,0.0,0.0,60.0,0.0,0.0,0.0,10.0
0.0,0.0,0.0,0.0,0.0,0.29966933364451004,0.0,0.0,0.0,1071.119580895862,0.0,0.0,0.0,60.0,0.0,0.0,0.0,10.0
0.0,0.0,0.0,0.0,0.0,0.29966933364451004,0.0,0.0,0.0,1072.1615614511093,0.0,0.0,0.0,60.0,0.0,0.0,0.0,10.0
0.0,0.0,0.0,0.0,0.0,0.29966933364451004,0.0,0.0,0.0,1071.6678443090977,0.0,0.0,0.0,60.0,0.0,0.0,0.0,10.0
0.0,0.0,0.0,0.0,0.0,0.29966933364451004,0.0,0.0,0.0,1070.9183601584568,0.0,0.0,0.0,60.0,0.0,0.0,0.0,10.0
0.0,0.0,0.0,0.0,0.0,0.29966933364451004,0.0,0.0,0.0,1069.8596685770826,0.0,0.0,0.0,60.0,0.0,0.0,0.0,10.0
0.0,0.0,0.0,0.0,0.0,0.29966933364451004,0.0,0.0,0.0,1066.678078132968,0.0,0.0,0.0,60.0,0.0,0.0,0.0,10.0
0.0,0.0,0.0,0.0,0.0,0.29966933364451004,0.0,0.0,0.0,1070.8592364382653,0.0,0.0,0.0,60.0,0.0,0.0,0.0,10.0
0.0,0.0,0.0,0.0,0.0,0.29966933364451004,0.0,0.0,0.0,1070.4153753743262,0.0,0.0,0.0,60.0,0.0,0.0,0.0,10.0
0.0,0.0,0.0,0.0,0.0,0.29966933364451004,0.0,0.0,0.0,1070.5431576743908,0.0,0.0,0.0,60.0,0.0,0.0,0.0,10.0
0.0,0.0,0.0,0.0,0.0,0.29966933364451004,0.0,0.0,0.0,1067.4465028483594,0.0,0.0,0.0,60.0,0.0,0.0,0.0,10.0
0.0,0.0,0.0,0.0,0.0,0.29966933364451004,0.0,0.0,0.0,1067.8378869191833,0.0,0.0,0.0,60.0,0.0,0.0,0.0,10.0
0.0,0.0,0.0,0.0,0.0,0.29966933364451004,0.0,0.0,0.0,1072.1063057066658,0.0,0.0,0.0,60.0,0.0,0.0,0.0,10.0
0.0,0.0,0.0,0.0,0.0,0.29966933364451004,0.0,0.0,0.0,1069.9208896922867,0.0,0.0,0.0,60.0,0.0,0.0,0.0,10.0
0.0,0.0,0.0,0.0,0.0,0.29966933364451004,0.0,0.0,0.0,1071.3630013947452,0.0,0.0,0.0,60.0,0.0,0.0,0.0,10.0
0.0,0.0,0.0,0.0,0.0,0.29966933364451004,0.0,0.0,0.0,950.0566367522609,0.0,0.0,0.0,60.0,0.0,0.0,0.0,10.0
11.197844157812392,0.0,0.0,0.0,0.0,0.29966933364451004,10.429409491392184,0.0,0.0,939.6301027875993,0.6586582855030358,0.0,0.0,59.34134171449696,0.10977638091717265,0.0,0.0,9.890223619082827
45.84085741436049,0.0,0.0,0.0,0.0,0.29966933364451004,42.700693405605406,0.0,0.0,909.1758742063465,2.6915691503615022,0.0,0.0,57.3084308496385,0.44859485839358365,0.0,0.0,9.551405141606416
34.021303648301036,0.0,0.0,0.0,0.0,0.29966933364451004,31.684143438701625,0.0,0.0,917.2837671048636,2.0032801796566377,0.0,0.0,57.996719820343365,0.333880029942773,0.0,0.0,9.666119970057228
62.25112892609717,0.0,0.0,0.0,0.0,0.29966933364451004,57.97979765407175,0.0,0.0,892.2124438998103,3.661141090307498,0.0,0.0,56.338858909692505,0.6101901817179164,0.0,0.0,9.389809818282083
118.34582346293429,0.0,0.0,0.0,0.0,0.29966933364451004,110.21668283149307,0.0,0.0,838.8587665910968,6.967834826949619,0.0,0.0,53.03216517305038,1.1613058044916034,0.0,0.0,8.838694195508397
149.36819115008552,0.0,0.0,0.0,0.0,0.29966933364451004,139.10869231912397,0.0,0.0,810.0223152260114,8.79385614082419,0.0,0.0,51.20614385917581,1.465642690137365,0.0,0.0,8.534357309862635
119.76964670186211,0.0,0.0,0.0,0.0,0.29966933364451004,111.5451753060758,0.0,0.0,837.836480446987,7.0495469106739765,0.0,0.0,52.950453089326025,1.1749244851123295,0.0,0.0,8.82507551488767
133.89867197488084,0.0,0.0,0.0,0.0,0.29966933364451004,124.71354806722536,0.0,0.0,825.730719476042,7.872963349418989,0.0,0.0,52.12703665058101,1.3121605582364984,0.0,0.0,8.6878394417635
167.5097823565711,0.0,0.0,0.0,0.0,0.29966933364451004,156.0032114988884,0.0,0.0,793.0392912577846,9.862775020870886,0.0,0.0,50.137224979129115,1.6437958368118144,0.0,0.0,8.356204163188185
235.81730115893018,0.0,0.0,0.0,0.0,0.29966933364451004,219.67351120317403,0.0,0.0,732.838001047973,13.837534247790996,0.0,0.0,46.162465752209,2.306255707965166,0.0,0.0,7.693744292034834
172.41759685517303,0.0,0.0,0.0,0.0,0.29966933364451004,160.56422429914244,0.0,0.0,787.6465610964185,10.160033619454808,0.0,0.0,49.83996638054519,1.6933389365758014,0.0,0.0,8.3066610634242
109.27727682233287,0.0,0.0,0.0,0.0,0.29966933364451004,101.77510695645195,0.0,0.0,847.8511497552253,6.430431313612211,0.0,0.0,53.56956868638779,1.0717385522687017,0.0,0.0,8.928261447731298
353.9244272132546,0.0,0.0,0.0,0.0,0.29966933364451004,329.6145355135143,0.0,0.0,619.5060023699374,20.837050028348855,0.0,0.0,39.162949971651145,3.4728416713914756,0.0,0.0,6.527158328608524
282.7208453534817,0.0,0.0,0.0,0.0,0.29966933364451004,263.37332739902166,0.0,0.0,689.5206283696857,16.583586818108603,0.0,0.0,43.4164131818914,2.763931136351434,0.0,0.0,7.2360688636485655
143.27585040099123,0.0,0.0,0.0,0.0,0.29966933364451004,133.4469820617463,0.0,0.0,816.9461274912768,8.424744290781364,0.0,0.0,51.57525570921864,1.4041240484635606,0.0,0.0,8.595875951536438
500.91894172123034,0.0,0.0,0.0,0.0,0.29966933364451004,335.36243084409364,0.0,0.0,616.7012582348436,21.134873728996176,0.0,0.0,38.865126271003824,144.42163714814055,0.0,0.0,265.5783628518594
224.6682655817832,0.0,0.0,0.0,0.0,0.29966933364451004,150.15031723973246,0.0,0.0,796.8785620141937,9.512929575580943,0.0,0.0,50.48707042441906,65.00501876646977,0.0,0.0,344.9949812335302
531.0861940225745,0.0,0.0,0.0,0.0,0.29966933364451004,355.37023542842667,0.0,0.0,595.1638651033119,22.431824501380575,0.0,0.0,37.568175498619425,153.28413409276726,0.0,0.0,256.71586590723274
192.13750344619336,0.0,0.0,0.0,0.0,0.29966933364451004,128.62228061290875,0.0,0.0,823.1569809783381,8.108326319142714,0.0,0.0,51.89167368085729,55.40689651414188,0.0,0.0,354.59310348585814
222.898687873778,0.0,0.0,0.0,0.0,0.29966933364451004,149.13091077045718,0.0,0.0,801.0336572080937,9.41716303446649,0.0,0.0,50.58283696553351,64.35061406885434,0.0,0.0,345.6493859311457
686.0048121734022,0.0,0.0,0.0,0.0,0.29966933364451004,459.2871113285861,0.0,0.0,492.84384942154463,28.942685214231837,0.0,0.0,31.057314785768163,197.77501563058425,0.0,0.0,212.22498436941575
516.0772298788886,0.0,0.0,0.0,0.0,0.29966933364451004,480.6242053968361,0.0,0.0,468.3412177029632,30.38830669890217,0.0,0.0,29.61169330109783,5.064717783150362,0.0,0.0,4.935282216849638
680.863539549401,0.0,0.0,0.0,0.0,0.29966933364451004,634.2663781883326,0.0,0.0,318.5523166920385,39.94042402377294,0.0,0.0,20.05957597622706,6.656737337295491,0.0,0.0,3.3432626627045092
607.5874098007612,0.0,0.0,0.0,0.0,0.29966933364451004,481.4898418628117,0.0,0.0,473.1079543844268,121.05366522043143,0.0,0.0,118.94633477956857,5.043902717517976,0.0,0.0,4.956097282482024
295.67989065428,0.0,0.0,0.0,0.0,0.29966933364451004,234.04263948216374,0.0,0.0,715.2316833969569,59.1717611252316,0.0,0.0,180.8282388747684,2.46549004688465,0.0,0.0,7.53450995311535
393.01134940180776,0.0,0.0,0.0,0.0,0.29966933364451004,311.07314548235587,0.0,0.0,638.0358494748425,78.66067576267382,0.0,0.0,161.3393242373262,3.277528156778075,0.0,0.0,6.722471843221925
575.4570082803772,0.0,0.0,0.0,0.0,0.29966933364451004,342.10154268066543,0.0,0.0,610.80522627357,86.16201806758588,0.0,0.0,153.83798193241412,147.19344753212587,0.0,0.0,262.8065524678741
691.3044811581091,0.0,0.0,0.0,0.0,0.29966933364451004,411.01545660754493,0.0,0.0,542.1436876839165,103.4913321417468,0.0,0.0,136.5086678582532,176.79769240881743,0.0,0.0,233.20230759118257
171.99224928053746,0.0,0.0,0.0,0.0,0.29966933364451004,102.07470164675125,0.0,0.0,846.8795782989422,25.815709895551834,0.0,0.0,214.18429010444817,44.10183773823438,0.0,0.0,365.8981622617656
266.676321805462,0.0,0.0,0.0,0.0,0.29966933364451004,158.2821338109367,0.0,0.0,790.8774925548717,40.02246941336319,0.0,0.0,199.97753058663682,68.37171858116213,0.0,0.0,341.6282814188379
400.61309193622674,0.0,0.0,0.0,0.0,0.29966933364451004,237.80667791001417,0.0,0.0,711.6297528722648,60.113137486601566,0.0,0.0,179.88686251339843,102.69327653961099,0.0,0.0,307.306723460389
842.7402379272908,0.0,0.0,0.0,0.0,0.29966933364451004,499.8006846973365,0.0,0.0,447.51041428059494,126.62383503875232,0.0,0.0,113.37616496124768,216.31571819120188,0.0,0.0,193.68428180879812
634.9119105246923,0.0,0.0,0.0,0.0,0.29966933364451004,502.4357633813214,0.0,0.0,445.7269327257102,127.17710125763602,0.0,0.0,112.82289874236398,5.299045885734835,0.0,0.0,4.700954114265165
357.8515585376545,0.0,0.0,0.0,0.0,0.29966933364451004,283.17417283007075,0.0,0.0,664.8175456364252,71.69029027928043,0.0,0.0,168.30970972071958,2.9870954283033515,0.0,0.0,7.012904571696648
576.514078919376,0.0,0.0,0.0,0.0,0.29966933364451004,456.25308564815487,0.0,0.0,492.2113192216369,115.4505535403722,0.0,0.0,124.5494464596278,4.8104397308488425,0.0,0.0,5.1895602691511575
419.11272281042676,0.0,0.0,0.0,0.0,0.29966933364451004,331.7925244061741,0.0,0.0,618.1381058190523,83.82739046808254,0.0,0.0,156.17260953191746,3.492807936170106,0.0,0.0,6.507192063829894
529.7486559452115,0.0,0.0,0.0,0.0,0.29966933364451004,419.42741738892835,0.0,0.0,531.0410120761447,105.90838901403178,0.0,0.0,134.0916109859682,4.412849542251325,0.0,0.0,5.587150457748675
424.56679621813714,0.0,0.0,0.0,0.0,0.29966933364451004,336.3433644633811,0.0,0.0,616.7576365222471,84.69449448456584,0.0,0.0,155.30550551543416,3.528937270190243,0.0,0.0,6.471062729809757
1084.836157414212,0.0,0.0,0.0,0.0,0.29966933364451004,858.4519386202638,0.0,0.0,89.55135329825862,217.32885004219025,0.0,0.0,22.671149957809746,9.055368751757927,0.0,0.0,0.9446312482420733
493.23673848449357,0.0,0.0,0.0,0.0,0.29966933364451004,390.64738629556535,0.0,0.0,561.3212585013878,98.4857781013711,0.0,0.0,141.5142218986289,4.103574087557129,0.0,0.0,5.896425912442871
550.1951178381165,0.0,0.0,0.0,0.0,0.29966933364451004,435.5302399473537,0.0,0.0,514.0417823641952,110.07828277513225,0.0,0.0,129.92171722486773,4.586595115630511,0.0,0.0,5.413404884369489
1102.9999448031272,0.0,0.0,0.0,0.0,0.29966933364451004,873.1893441611004,0.0,0.0,76.71172841959469,220.6181766163458,0.0,0.0,19.381823383654194,9.192424025681076,0.0,0.0,0.8075759743189241
590.5830340432474,0.0,0.0,0.0,0.0,0.29966933364451004,467.6831273719163,0.0,0.0,483.66651161241685,117.98391040447785,0.0,0.0,122.01608959552215,4.915996266853243,0.0,0.0,5.084003733146757
1012.5360380697854,0.0,0.0,0.0,0.0,0.29966933364451004,801.1955691410575,0.0,0.0,146.5589868158179,202.8868501715788,0.0,0.0,37.1131498284212,8.453618757149117,0.0,0.0,1.5463812428508827
296.7228846045822,0.0,0.0,0.0,0.0,0.29966933364451004,234.94499109292352,0.0,0.0,715.8198283994446,59.30677777119231,0.0,0.0,180.69322222880768,2.471115740466346,0.0,0.0,7.528884259533654
884.5478151318016,0.0,0.0,0.0,0.0,0.29966933364451004,700.3181293760304,0.0,0.0,250.01477504039576,176.86049832554042,0.0,0.0,63.13950167445958,7.36918743023085,0.0,0.0,2.63081256976915
540.600212466727,0.0,0.0,0.0,0.0,0.29966933364451004,428.0675296393265,0.0,0.0,522.9173728886898,108.03137551430447,0.0,0.0,131.96862448569553,4.501307313096019,0.0,0.0,5.498692686903981
821.2984917603849,0.0,0.0,0.0,0.0,0.29966933364451004,650.277062701505,0.0,0.0,300.3012745863107,164.18057189652475,0.0,0.0,75.81942810347525,6.8408571623551975,0.0,0.0,3.1591428376448025
201.77656906220892,0.0,0.0,0.0,0.0,0.29966933364451004,159.91110431002122,0.0,0.0,794.9994959698006,40.190846162100215,0.0,0.0,199.80915383789977,1.6746185900875092,0.0,0.0,8.325381409912492
237.70246255434532,0.0,0.0,0.0,0.0,0.29966933364451004,188.12842394451954,0.0,0.0,760.5960960869778,47.59107706543275,0.0,0.0,192.40892293456724,1.9829615443930313,0.0,0.0,8.017038455606968
716.449728796409,0.0,0.0,0.0,0.0,0.29966933364451004,567.0571569625844,0.0,0.0,381.88084912741203,143.41686896047167,0.0,0.0,96.58313103952833,5.9757028733529856,0.0,0.0,4.0242971266470144
1198.7537189471504,0.0,0.0,0.0,360.47385691888144,0.3010511500960324,948.7537189471504,0.0,0.0,0.0,240.0,0.0,0.0,0.0,10.000000000000002,0.0,0.0,0.0
949.6948910441864,249.19415471749315,0.0,0.0,0.0,0.29992255338082635,751.6584475547838,197.2305982068957,0.0,0.0,190.11498574982645,49.885014250173555,0.0,0.0,7.921457739576101,2.078542260423899,0.0,0.0
685.7053445283667,0.0,0.0,0.0,0.0,0.29992255338082635,542.6981461727169,0.0,0.0,406.0270795726701,137.28691042142384,0.0,0.0,102.71308957857616,5.7202879342259925,0.0,0.0,4.2797120657740075
902.4081677301511,0.0,0.0,0.0,0.0,0.29992255338082635,714.7782911613197,0.0,0.0,237.59974190089542,180.12468150607822,0.0,0.0,59.87531849392178,7.505195062753259,0.0,0.0,2.494804937246741
418.82759838697547,0.0,0.0,0.0,0.0,0.29992255338082635,331.7779394069675,0.0,0.0,621.0630690890123,83.56767262080761,0.0,0.0,156.43232737919237,3.481986359200317,0.0,0.0,6.518013640799683
386.8791421633684,0.0,0.0,0.0,0.0,0.29992255338082635,306.20257779582465,0.0,0.0,642.6559296166763,77.44950179284203,0.0,0.0,162.55049820715797,3.2270625747017516,0.0,0.0,6.772937425298249
712.409135440245,0.0,0.0,0.0,0.0,0.29992255338082635,563.7843844906037,0.0,0.0,384.5509043631879,142.67976091165565,0.0,0.0,97.32023908834435,5.944990037985653,0.0,0.0,4.055009962014347
1200.9428311127729,0.0,0.0,0.0,206.28177381195496,0.30071330018043885,950.9428311127729,0.0,0.0,0.0,240.00000000000003,0.0,0.0,0.0,10.0,0.0,0.0,0.0
960.9975575569312,237.89799635450683,0.0,0.0,0.0,0.29963586360274636,760.6052976929165,188.29025621852156,0.0,0.0,192.37656946945415,47.623430530545846,0.0,0.0,8.01569039456059,1.9843096054394103,0.0,0.0
676.3274284132607,0.0,0.0,0.0,0.0,0.29963586360274636,535.5743593202909,0.0,0.0,415.6915043152201,135.12294632925105,0.0,0.0,104.87705367074895,5.630122763718795,0.0,0.0,4.369877236281205
1093.5841991635323,0.0,0.0,0.0,0.0,0.29963586360274636,865.831184887238,0.0,0.0,84.5746611544646,218.64289370524259,0.0,0.0,21.357106294757415,9.110120571051773,0.0,0.0,0.8898794289482268
1196.9685117700055,0.0,0.0,0.0,19.277029069462742,0.29970975888084594,946.9685117700056,0.0,0.0,0.0,240.0,0.0,0.0,0.0,9.999999999999998,0.0,0.0,1.7763568394002505e-15
490.93881668917504,0.0,0.0,0.0,0.0,0.29970975888084594,388.9230131898188,0.0,0.0,564.1719972128413,97.93517135938203,0.0,0.0,142.06482864061797,4.0806321399742504,0.0,0.0,5.9193678600257496
1203.5917553461911,0.0,0.0,0.0,249.47412506819683,0.30066607636027404,953.591755346191,0.0,0.0,0.0,240.00000000000003,0.0,0.0,0.0,10.0,0.0,0.0,0.0
1198.7744226190312,0.0,0.0,0.0,199.9860918737793,0.30143268971245685,948.7744226190313,0.0,0.0,0.0,240.0,0.0,0.0,0.0,10.0,0.0,0.0,0.0
884.1334019566176,315.0911949235104,0.0,0.0,0.0,0.30000564625718734,699.8198454600372,249.40475142009086,0.0,0.0,176.94101423671725,63.05898576328275,0.0,0.0,7.372542259863218,2.627457740136782,0.0,0.0
965.8659923053281,234.70573847612178,0.0,0.0,0.0,0.2989426673691614,764.7397356349649,185.83199514648493,0.0,0.0,193.08120640354863,46.918793596451366,0.0,0.0,8.045050266814526,1.9549497331854742,0.0,0.0
598.0983459321698,0.0,0.0,0.0,0.0,0.2989426673691614,473.5639428241452,0.0,0.0,477.10497075582884,119.55302698370363,0.0,0.0,120.44697301629637,4.9813761243209855,0.0,0.0,5.0186238756790145
459.4308168003026,0.0,0.0,0.0,0.0,0.2989426673691614,363.8210021266806,0.0,0.0,587.4960864186651,91.7854220866771,0.0,0.0,148.2145779133229,3.82439258694488,0.0,0.0,6.17560741305512
391.1107875660362,0.0,0.0,0.0,0.0,0.2989426673691614,309.9014524465244,0.0,0.0,644.1189566310084,77.96096171473134,0.0,0.0,162.03903828526865,3.2483734047804727,0.0,0.0,6.751626595219527
601.0010194061026,0.0,0.0,0.0,0.0,0.2989426673691614,453.09414683630183,0.0,0.0,496.55195870871006,143.1356831320652,0.0,0.0,156.8643168679348,4.771189437735506,0.0,0.0,5.228810562264494
461.88707311223175,0.0,0.0,0.0,0.0,0.2989426673691614,348.1040111483638,0.0,0.0,600.2993943625593,110.11264061019482,0.0,0.0,189.88735938980517,3.6704213536731607,0.0,0.0,6.329578646326839
579.8122646638212,0.0,0.0,0.0,0.0,0.2989426673691614,436.84703336960865,0.0,0.0,510.3943281743623,138.3534496395606,0.0,0.0,161.6465503604394,4.61178165465202,0.0,0.0,5.38821834534798
517.3288139969432,0.0,0.0,0.0,0.0,0.2989426673691614,389.9016608164827,0.0,0.0,558.6364791036334,123.31659985205846,0.0,0.0,176.68340014794154,4.110553328401949,0.0,0.0,5.889446671598051
1106.3598205078413,0.0,0.0,0.0,0.0,0.2989426673691614,834.145868439712,0.0,0.0,115.78787761454043,263.43285684012505,0.0,0.0,36.567143159874945,8.78109522800417,0.0,0.0,1.2189047719958293
427.82769427955714,0.0,0.0,0.0,0.0,0.2989426673691614,322.8674793046498,0.0,0.0,630.7216364223858,101.57440158861998,0.0,0.0,198.42559841138,3.385813386287333,0.0,0.0,6.614186613712667
1104.6810172055555,0.0,0.0,0.0,0.0,0.2989426673691614,832.6709328246214,0.0,0.0,116.29384457730623,263.2355655299362,0.0,0.0,36.764434470063804,8.774518850997874,0.0,0.0,1.2254811490021265
613.7976002700501,0.0,0.0,0.0,0.0,0.2989426673691614,462.8375288467252,0.0,0.0,487.61004705655256,146.09039169999184,0.0,0.0,153.90960830000816,4.869679723333061,0.0,0.0,5.130320276666939
595.5753410565254,0.0,0.0,0.0,0.0,0.2989426673691614,449.04108013477986,0.0,0.0,500.92607407307463,141.8073492791085,0.0,0.0,158.1926507208915,4.726911642636951,0.0,0.0,5.273088357363049
853.7446460400676,0.0,0.0,0.0,0.0,0.2989426673691614,644.091836282393,0.0,0.0,308.2849502645031,202.88981589452376,0.0,0.0,97.11018410547624,6.762993863150792,0.0,0.0,3.2370061368492076
1196.3671564155618,0.0,0.0,0.0,0.0,0.2989426673691614,903.198755612101,0.0,0.0,51.855109239646254,283.7113556162524,0.0,0.0,16.288644383747624,9.457045187208413,0.0,0.0,0.5429548127915869
534.3021501353121,0.0,0.0,0.0,0.0,0.2989426673691614,402.7359951603554,0.0,0.0,546.202267293804,127.32208545963562,0.0,0.0,172.67791454036438,4.244069515321187,0.0,0.0,5.755930484678813
301.572519511764,0.0,0.0,0.0,0.0,0.2989426673691614,227.31841886104883,0.0,0.0,721.7027022539147,71.85880708133735,0.0,0.0,228.14119291866265,2.3952935693779116,0.0,0.0,7.604706430622088
1262.0883217541382,1.1368683772161603e-13,0.0,0.0,345.60342158889443,0.3002674804852522,952.0883217541381,1.1368683772161603e-13,0.0,0.0,300.0,0.0,0.0,0.0,10.0,0.0,0.0,0.0
1261.3637829792526,0.0,0.0,0.0,283.2142472132548,0.3013531350995697,951.3637829792526,0.0,0.0,0.0,300.0,0.0,0.0,0.0,10.0,0.0,0.0,0.0
622.7767568218646,640.9166578296074,0.0,0.0,0.0,0.2984504328449066,470.0017305564754,483.6916840949966,0.0,0.0,147.846799611667,152.153200388333,0.0,0.0,4.928226653722233,5.071773346277767,0.0,0.0
780.6587352149717,0.0,0.0,0.0,0.0,0.2984504328449066,588.7697596958262,0.0,0.0,362.39809667482575,185.69900856691498,0.0,0.0,114.30099143308502,6.1899669522305,0.0,0.0,3.8100330477695
279.17189031881924,0.0,0.0,0.0,0.0,0.2984504328449066,210.44754887160732,0.0,0.0,738.8338669468186,66.50742720697929,0.0,0.0,233.4925727930207,2.2169142402326427,0.0,0.0,7.783085759767357
377.7965558445713,0.0,0.0,0.0,0.0,0.2984504328449066,284.93367291518354,0.0,0.0,666.2476367462011,89.86730606069783,0.0,0.0,210.13269393930216,2.995576868689928,0.0,0.0,7.004423131310072
1196.2581764368033,0.0,0.0,0.0,0.0,0.2984504328449066,902.4577323996228,0.0,0.0,49.75967476154301,284.32301035856165,0.0,0.0,15.676989641438354,9.47743367861872,0.0,0.0,0.5225663213812801
651.3303044164218,0.0,0.0,0.0,0.0,0.2984504328449066,491.29080025278455,0.0,0.0,460.35016410961015,154.8769395131973,0.0,0.0,145.1230604868027,5.162564650439911,0.0,0.0,4.837435349560089
1138.1677154323381,0.0,0.0,0.0,0.0,0.2984504328449066,858.3676192905311,0.0,0.0,92.6469287716834,270.77428658884537,0.0,0.0,29.22571341115463,9.025809552961512,0.0,0.0,0.9741904470384881
999.8884427997143,0.0,0.0,0.0,0.0,0.2984504328449066,754.2999576999599,0.0,0.0,197.83339167921838,237.66627590298813,0.0,0.0,62.33372409701187,7.92220919676627,0.0,0.0,2.0777908032337304
475.91426475238825,0.0,0.0,0.0,0.0,0.2984504328449066,359.04116659634917,0.0,0.0,593.2974245845422,113.10299821552164,0.0,0.0,186.89700178447836,3.7700999405173885,0.0,0.0,6.2299000594826115
170.74717198597878,0.0,0.0,0.0,0.0,0.2984504328449066,128.8299095468252,0.0,0.0,823.9344084352498,40.56509268305185,0.0,0.0,259.43490731694817,1.3521697561017285,0.0,0.0,8.647830243898271
230.87626221712722,0.0,0.0,0.0,0.0,0.2984504328449066,174.1318019770779,0.0,0.0,777.1656177981014,54.913993780692884,0.0,0.0,245.0860062193071,1.8304664593564293,0.0,0.0,8.16953354064357
730.5046126763607,0.0,0.0,0.0,0.0,0.2984504328449066,550.7295989938028,0.0,0.0,398.93616484556344,173.97581969279798,0.0,0.0,126.02418030720202,5.799193989759932,0.0,0.0,4.200806010240068
926.3504225262409,0.0,0.0,0.0,0.0,0.2984504328449066,698.4918740755444,0.0,0.0,251.80155329732224,220.50827269422246,0.0,0.0,79.49172730577754,7.350275756474081,0.0,0.0,2.6497242435259194
541.1380905077492,0.0,0.0,0.0,0.0,0.2984504328449066,408.2554239997085,0.0,0.0,544.1575939333081,128.59612887874903,0.0,0.0,171.40387112125097,4.286537629291635,0.0,0.0,5.713462370708365
610.0355609181352,0.0,0.0,0.0,0.0,0.2984504328449066,459.7525712716339,0.0,0.0,488.6135573863917,145.43515127080764,0.0,0.0,154.56484872919236,4.847838375693588,0.0,0.0,5.152161624306412
810.1095070370376,0.0,0.0,0.0,0.0,0.2984504328449066,610.913419243483,0.0,0.0,339.8239273742629,192.77040754214968,0.0,0.0,107.22959245785032,6.425680251404989,0.0,0.0,3.574319748595011
1052.9547409637466,0.0,0.0,0.0,0.0,0.2984504328449066,793.7326029045499,0.0,0.0,155.4807194707953,250.86013360567418,0.0,0.0,49.13986639432582,8.362004453522472,0.0,0.0,1.6379955464775282
983.6529442361918,0.0,0.0,0.0,0.0,0.2984504328449066,741.65413448433,0.0,0.0,208.4033551615396,234.19239653405992,0.0,0.0,65.80760346594008,7.806413217801998,0.0,0.0,2.193586782198002
373.5216378507699,0.0,0.0,0.0,0.0,0.2984504328449066,281.8095673752994,0.0,0.0,670.7473363499153,88.75361658916496,0.0,0.0,211.24638341083505,2.9584538863054988,0.0,0.0,7.041546113694501
785.2561210100663,0.0,0.0,0.0,0.0,0.2984504328449066,592.116771792722,0.0,0.0,358.2654263433178,186.909047629688,0.0,0.0,113.09095237031201,6.230301587656267,0.0,0.0,3.7696984123437334
350.3825861253066,0.0,0.0,0.0,0.0,0.2984504328449066,264.18370029878304,0.0,0.0,685.9091727975292,83.41827660631311,0.0,0.0,216.5817233936869,2.7806092202104367,0.0,0.0,7.219390779789563
272.6656910648258,0.0,0.0,0.0,0.0,0.2984504328449066,205.43615994451287,0.0,0.0,741.8441277735274,65.06083656804479,0.0,0.0,234.9391634319552,2.1686945522681595,0.0,0.0,7.8313054477318405
847.1810794720611,0.0,0.0,0.0,0.0,0.2984504328449066,638.9942427278561,0.0,0.0,312.4982644041984,201.47113233310168,0.0,0.0,98.52886766689832,6.715704411103388,0.0,0.0,3.2842955888966117
274.3349388992308,0.0,0.0,0.0,0.0,0.2984504328449066,206.9089181062758,0.0,0.0,744.3820502560063,65.25098786414996,0.0,0.0,234.74901213585002,2.175032928804999,0.0,0.0,7.824967071195001
901.7426645962765,0.0,0.0,0.0,0.0,0.2984504328449066,517.0601589524558,0.0,0.0,437.26635049415506,162.5419037931637,0.0,0.0,137.4580962068363,222.14060185065705,0.0,0.0,187.85939814934295
333.5893607817958,0.0,0.0,0.0,0.0,0.2984504328449066,190.85664620287932,0.0,0.0,758.5277973272147,60.30959770940131,0.0,0.0,239.69040229059868,82.42311686951513,0.0,0.0,327.5768831304849
437.3029840930379,0.0,0.0,0.0,0.0,0.2984504328449066,250.31312811132676,0.0,0.0,700.1251725440011,79.00979830213146,0.0,0.0,220.99020169786854,107.98005767957966,0.0,0.0,302.01994232042034
905.7161593530482,0.0,0.0,0.0,0.0,0.2984504328449066,518.4478964803342,0.0,0.0,432.0508708870873,163.63447727016086,0.0,0.0,136.36552272983914,223.63378560255316,0.0,0.0,186.36621439744684
217.0737260471677,0.0,0.0,0.0,0.0,0.2984504328449066,124.40506067773852,0.0,0.0,828.7498458817884,39.15577409975881,0.0,0.0,260.8442259002412,53.51289126967038,0.0,0.0,356.4871087303296
467.27286453167306,0.0,0.0,0.0,0.0,0.2984504328449066,267.3922444848717,0.0,0.0,682.4171644503544,84.45660001977522,0.0,0.0,215.54339998022476,115.42402002702615,0.0,0.0,294.57597997297387
166.69081998413932,0.0,0.0,0.0,0.0,0.2984504328449066,125.69774197402951,0.0,0.0,824.8603010775112,39.670720654944994,0.0,0.0,260.329279345055,1.322357355164833,0.0,0.0,8.677642644835167
779.6659892193578,0.0,0.0,0.0,0.0,0.2984504328449066,588.028318651212,0.0,0.0,363.18747436822105,185.45581022723792,0.0,0.0,114.54418977276208,6.18186034090793,0.0,0.0,3.81813965909207
276.25184824290744,0.0,0.0,0.0,0.0,0.2984504328449066,208.30524979450627,0.0,0.0,742.0679684518065,65.75477269200114,0.0,0.0,234.24522730799885,2.191825756400038,0.0,0.0,7.808174243599963
188.85328040782025,0.0,0.0,0.0,0.0,0.2984504328449066,142.35642926411637,0.0,0.0,806.7507035067825,44.99695271971343,0.0,0.0,255.00304728028658,1.4998984239904476,0.0,0.0,8.500101576009552
548.3970330914037,0.0,0.0,0.0,0.0,0.2984504328449066,413.5155077344689,0.0,0.0,536.8726722513277,130.53050840993694,0.0,0.0,169.46949159006306,4.351016946997898,0.0,0.0,5.648983053002102
515.1074122453607,0.0,0.0,0.0,0.0,0.2984504328449066,388.59024391328575,0.0,0.0,563.5570195864339,122.43596935362096,0.0,0.0,177.56403064637902,4.081198978454032,0.0,0.0,5.918801021545968
505.68531381593095,0.0,0.0,0.0,0.0,0.2984504328449066,381.06762237416655,0.0,0.0,566.8793470270114,120.59776591138488,0.0,0.0,179.4022340886151,4.0199255303794965,0.0,0.0,5.9800744696205035
135.79778699275937,0.0,0.0,0.0,0.0,0.2984504328449066,77.72490452267412,0.0,0.0,872.5410348256196,24.537837663416305,0.0,0.0,275.4621623365837,33.53504480666895,0.0,0.0,376.46495519333104
292.5505068003477,0.0,0.0,0.0,0.0,0.2984504328449066,167.3178466724089,0.0,0.0,781.2819116977128,52.91520850476287,0.0,0.0,247.08479149523714,72.31745162317593,0.0,0.0,337.68254837682406
235.65949703864814,0.0,0.0,0.0,0.0,0.2984504328449066,135.01029106946422,0.0,0.0,817.3798021883855,42.52783350810588,0.0,0.0,257.47216649189414,58.12137246107804,0.0,0.0,351.87862753892193
192.42486879061772,0.0,0.0,0.0,0.0,0.2984504328449066,109.97135006695203,0.0,0.0,836.9822761234805,34.839514953661556,0.0,0.0,265.16048504633847,47.61400377000413,0.0,0.0,362.38599622999584
518.3036020082147,0.0,0.0,0.0,0.0,0.2984504328449066,296.4701486630984,0.0,0.0,652.4120076423585,93.73244507540122,0.0,0.0,206.26755492459878,128.101008269715,0.0,0.0,281.898991730285
155.6952788809582,0.0,0.0,0.0,0.0,0.2984504328449066,89.13297055612888,0.0,0.0,861.6214531940002,28.124919010491254,0.0,0.0,271.8750809895088,38.43738931433805,0.0,0.0,371.562610685662
292.3060522573466,0.0,0.0,0.0,0.0,0.2984504328449066,220.56775056722535,0.0,0.0,732.5632974912432,69.42416292592377,0.0,0.0,230.57583707407622,2.314138764197459,0.0,0.0,7.685861235802541
431.42191069500507,0.0,0.0,0.0,0.0,0.2984504328449066,325.26734585678605,0.0,0.0,624.601153621068,102.73022403698616,0.0,0.0,197.26977596301384,3.424340801232872,0.0,0.0,6.575659198767128
310.40527989431075,0.0,0.0,0.0,0.0,0.2984504328449066,233.96836541437534,0.0,0.0,714.9212355322384,73.97120756122781,0.0,0.0,226.0287924387722,2.4657069187075944,0.0,0.0,7.534293081292406
103.66508310309796,0.0,0.0,0.0,0.0,0.2984504328449066,78.23611168780636,0.0,0.0,875.5262024510748,24.60868201479832,0.0,0.0,275.3913179852017,0.8202894004932773,0.0,0.0,9.179710599506723
52.0440081350009,0.0,0.0,0.0,0.0,0.2984504328449066,39.21003188590337,0.0,0.0,907.8939403132641,12.419977015255675,0.0,0.0,287.58002298474435,0.4139992338418559,0.0,0.0,9.586000766158143
261.2443540303135,0.0,0.0,0.0,0.0,0.2984504328449066,196.74483529906908,0.0,0.0,748.8575527876907,62.41888909475265,0.0,0.0,237.58111090524736,2.0806296364917554,0.0,0.0,7.919370363508245
239.75133913457285,0.0,0.0,0.0,0.0,0.2984504328449066,180.8060680316979,0.0,0.0,770.0739608684088,57.04381074471768,0.0,0.0,242.9561892552823,1.9014603581572558,0.0,0.0,8.098539641842745
164.4351968716955,0.0,0.0,0.0,0.0,0.2984504328449066,123.94665249097005,0.0,0.0,825.0492390603247,39.18246230392785,0.0,0.0,260.8175376960721,1.3060820767975951,0.0,0.0,8.693917923202404
121.66023450582468,0.0,0.0,0.0,0.0,0.2984504328449066,91.67935544870979,0.0,0.0,856.2781789170288,29.01375392624021,0.0,0.0,270.9862460737598,0.9671251308746736,0.0,0.0,9.032874869125326
156.47327318907486,0.0,0.0,0.0,0.0,0.2984504328449066,118.01911748242986,0.0,0.0,833.3975954121688,37.213699070946774,0.0,0.0,262.78630092905325,1.2404566356982258,0.0,0.0,8.759543364301773
48.40384882733665,0.0,0.0,0.0,0.0,0.2984504328449066,36.49957216528897,0.0,0.0,913.9880292622533,11.520267737465506,0.0,0.0,288.47973226253447,0.3840089245821835,0.0,0.0,9.615991075417817
48.27174475722058,0.0,0.0,0.0,0.0,0.2984504328449066,36.384719909492276,0.0,0.0,912.4871228290342,11.503572433285454,0.0,0.0,288.49642756671454,0.3834524144428485,0.0,0.0,9.616547585557152
50.79550966170059,0.0,0.0,0.0,0.0,0.2984504328449066,38.27275261647507,0.0,0.0,909.1666385861831,12.118797140540831,0.0,0.0,287.88120285945917,0.40395990468469445,0.0,0.0,9.596040095315306
10.12020549028782,0.0,0.0,0.0,0.0,0.2984504328449066,7.633757028680056,0.0,0.0,944.1111576278802,2.406240446717191,0.0,0.0,297.59375955328284,0.08020801489057304,0.0,0.0,9.919791985109427
1.7911178083241763e-13,0.0,0.0,0.0,0.0,0.2984504328449066,1.3891440453154364e-13,0.0,0.0,1071.3004023559172,3.890068674278128e-14,0.0,0.0,299.99999999999994,1.2966895580927095e-15,0.0,0.0,9.999999999999998
0.0,0.0,0.0,0.0,0.0,0.2984504328449066,0.0,0.0,0.0,1069.801648272441,0.0,0.0,0.0,60.0,0.0,0.0,0.0,10.0
0.0,0.0,0.0,0.0,0.0,0.2984504328449066,0.0,0.0,0.0,1073.6932739920953,0.0,0.0,0.0,60.0,0.0,0.0,0.0,10.0
0.0,0.0,0.0,0.0,0.0,0.2984504328449066,0.0,0.0,0.0,1067.8598304673478,0.0,0.0,0.0,60.0,0.0,0.0,0.0,10.0
0.0,0.0,0.0,0.0,0.0,0.2984504328449066,0.0,0.0,0.0,1066.9489496581505,0.0,0.0,0.0,60.0,0.0,0.0,0.0,10.0
0.0,0.0,0.0,0.0,0.0,0.2984504328449066,0.0,0.0,0.0,1068.6161838602375,0.0,0.0,0.0,60.0,0.0,0.0,0.0,10.0
0.0,0.0,0.0,0.0,0.0,0.2984504328449066,0.0,0.0,0.0,1069.908827967289,0.0,0.0,0.0,60.0,0.0,0.0,0.0,10.0
0.0,0.0,0.0,0.0,0.0,0.2984504328449066,0.0,0.0,0.0,1070.4866788986456,0.0,0.0,0.0,60.0,0.0,0.0,0.0,10.0
0.0,0.0,0.0,0.0,0.0,0.2984504328449066,0.0,0.0,0.0,1069.5175278842873,0.0,0.0,0.0,60.0,0.0,0.0,0.0,10.0
0.0,0.0,0.0,0.0,0.0,0.2984504328449066,0.0,0.0,0.0,1070.7041107930286,0.0,0.0,0.0,60.0,0.0,0.0,0.0,10.0
0.0,0.0,0.0,0.0,0.0,0.2984504328449066,0.0,0.0,0.0,1067.496921151619,0.0,0.0,0.0,60.0,0.0,0.0,0.0,10.0
0.0,0.0,0.0,0.0,0.0,0.2984504328449066,0.0,0.0,0.0,1072.8875292081466,0.0,0.0,0.0,60.0,0.0,0.0,0.0,10.0
0.0,0.0,0.0,0.0,0.0,0.2984504328449066,0.0,0.0,0.0,1069.8356976432149,0.0,0.0,0.0,60.0,0.0,0.0,0.0,80.0
0.0,0.0,0.0,0.0,0.0,0.2984504328449066,0.0,0.0,0.0,1072.2345916631762,0.0,0.0,0.0,60.0,0.0,0.0,0.0,80.0
0.0,0.0,0.0,0.0,0.0,0.2984504328449066,0.0,0.0,0.0,1070.6854506927552,0.0,0.0,0.0,60.0,0.0,0.0,0.0,80.0
0.0,0.0,0.0,0.0,0.0,0.2984504328449066,0.0,0.0,0.0,1070.9135064383076,0.0,0.0,0.0,60.0,0.0,0.0,0.0,80.0
0.0,0.0,0.0,0.0,0.0,0.2984504328449066,0.0,0.0,0.0,1071.1395345604644,0.0,0.0,0.0,60.0,0.0,0.0,0.0,80.0
0.0,0.0,0.0,0.0,0.0,0.2984504328449066,0.0,0.0,0.0,1070.8954171200346,0.0,0.0,0.0,60.0,0.0,0.0,0.0,80.0
0.0,0.0,0.0,0.0,0.0,0.2984504328449066,0.0,0.0,0.0,1071.285445519735,0.0,0.0,0.0,60.0,0.0,0.0,0.0,80.0
0.0,0.0,0.0,0.0,0.0,0.2984504328449066,0.0,0.0,0.0,1072.6583050602649,0.0,0.0,0.0,60.0,0.0,0.0,0.0,80.0
0.0,0.0,0.0,0.0,0.0,0.2984504328449066,0.0,0.0,0.0,1070.393042339403,0.0,0.0,0.0,60.0,0.0,0.0,0.0,80.0
0.0,0.0,0.0,0.0,0.0,0.2984504328449066,0.0,0.0,0.0,1071.4180075151771,0.0,0.0,0.0,60.0,0.0,0.0,0.0,80.0
0.0,0.0,0.0,0.0,0.0,0.2984504328449066,0.0,0.0,0.0,1069.8205286114255,0.0,0.0,0.0,60.0,0.0,0.0,0.0,80.0
0.0,0.0,0.0,0.0,0.0,0.2984504328449066,0.0,0.0,0.0,1072.8802344308988,0.0,0.0,0.0,60.0,0.0,0.0,0.0,80.0
0.0,0.0,0.0,0.0,0.0,0.2984504328449066,0.0,0.0,0.0,1068.6472153958816,0.0,0.0,0.0,60.0,0.0,0.0,0.0,80.0
0.0,0.0,0.0,0.0,0.0,0.2984504328449066,0.0,0.0,0.0,1073.6018808658216,0.0,0.0,0.0,60.0,0.0,0.0,0.0,80.0
0.0,0.0,0.0,0.0,0.0,0.2984504328449066,0.0,0.0,0.0,1069.9196840987113,0.0,0.0,0.0,60.0,0.0,0.0,0.0,80.0
0.0,0.0,0.0,0.0,0.0,0.2984504328449066,0.0,0.0,0.0,1067.1384497957638,0.0,0.0,0.0,60.0,0.0,0.0,0.0,80.0
0.0,0.0,0.0,0.0,0.0,0.2984504328449066,0.0,0.0,0.0,1070.2562088298216,0.0,0.0,0.0,60.0,0.0,0.0,0.0,480.0
0.0,0.0,0.0,0.0,0.0,0.2984504328449066,0.0,0.0,0.0,1068.6378966850502,0.0,0.0,0.0,60.0,0.0,0.0,0.0,480.0
0.0,0.0,0.0,0.0,0.0,0.2984504328449066,0.0,0.0,0.0,1071.6812870979775,0.0,0.0,0.0,60.0,0.0,0.0,0.0,480.0
0.0,0.0,0.0,0.0,0.0,0.2984504328449066,0.0,0.0,0.0,1068.694752041395,0.0,0.0,0.0,60.0,0.0,0.0,0.0,480.0
0.0,0.0,0.0,0.0,0.0,0.2984504328449066,0.0,0.0,0.0,1069.1076331335703,0.0,0.0,0.0,60.0,0.0,0.0,0.0,480.0
0.0,0.0,0.0,0.0,0.0,0.2984504328449066,0.0,0.0,0.0,1066.220918538109,0.0,0.0,0.0,60.0,0.0,0.0,0.0,480.0
0.0,0.0,0.0,0.0,0.0,0.2984504328449066,0.0,0.0,0.0,1069.0953873615017,0.0,0.0,0.0,60.0,0.0,0.0,0.0,80.0
0.0,0.0,0.0,0.0,0.0,0.2984504328449066,0.0,0.0,0.0,1065.1522413467421,0.0,0.0,0.0,60.0,0.0,0.0,0.0,80.0
0.0,0.0,0.0,0.0,0.0,0.2984504328449066,0.0,0.0,0.0,1066.8321943530286,0.0,0.0,0.0,60.0,0.0,0.0,0.0,80.0
0.0,0.0,0.0,0.0,0.0,0.2984504328449066,0.0,0.0,0.0,1071.5208293122887,0.0,0.0,0.0,60.0,0.0,0.0,0.0,80.0
0.0,0.0,0.0,0.0,0.0,0.2984504328449066,0.0,0.0,0.0,1071.5716003173015,0.0,0.0,0.0,60.0,0.0,0.0,0.0,80.0
0.0,0.0,0.0,0.0,0.0,0.2984504328449066,0.0,0.0,0.0,1070.8509151235698,0.0,0.0,0.0,60.0,0.0,0.0,0.0,80.0
0.0,0.0,0.0,0.0,0.0,0.2984504328449066,0.0,0.0,0.0,1068.0660477137417,0.0,0.0,0.0,60.0,0.0,0.0,0.0,80.0
0.0,0.0,0.0,0.0,0.0,0.2984504328449066,0.0,0.0,0.0,1069.9045772877162,0.0,0.0,0.0,60.0,0.0,0.0,0.0,80.0
0.0,0.0,0.0,0.0,0.0,0.2984504328449066,0.0,0.0,0.0,1069.9927949218188,0.0,0.0,0.0,60.0,0.0,0.0,0.0,80.0
0.0,0.0,0.0,0.0,0.0,0.2984504328449066,0.0,0.0,0.0,1067.683270621615,0.0,0.0,0.0,60.0,0.0,0.0,0.0,80.0
0.0,0.0,0.0,0.0,0.0,0.2984504328449066,0.0,0.0,0.0,1073.0067966035344,0.0,0.0,0.0,60.0,0.0,0.0,0.0,80.0
0.0,0.0,0.0,0.0,0.0,0.2984504328449066,0.0,0.0,0.0,1071.7547245811513,0.0,0.0,0.0,60.0,0.0,0.0,0.0,80.0
0.0,0.0,0.0,0.0,0.0,0.2984504328449066,0.0,0.0,0.0,1069.5580716523407,0.0,0.0,0.0,60.0,0.0,0.0,0.0,80.0
0.0,0.0,0.0,0.0,0.0,0.2984504328449066,0.0,0.0,0.0,1070.053771677989,0.0,0.0,0.0,60.0,0.0,0.0,0.0,80.0
0.0,0.0,0.0,0.0,0.0,0.2984504328449066,0.0,0.0,0.0,1070.4167656158952,0.0,0.0,0.0,60.0,0.0,0.0,0.0,80.0
0.0,0.0,0.0,0.0,0.0,0.2984504328449066,0.0,0.0,0.0,1065.9165302631513,0.0,0.0,0.0,60.0,0.0,0.0,0.0,10.0
0.0,0.0,0.0,0.0,0.0,0.2984504328449066,0.0,0.0,0.0,1069.5056452349588,0.0,0.0,0.0,60.0,0.0,0.0,0.0,10.0
0.0,0.0,0.0,0.0,0.0,0.2984504328449066,0.0,0.0,0.0,1068.6360315040044,0.0,0.0,0.0,60.0,0.0,0.0,0.0,10.0
0.0,0.0,0.0,0.0,0.0,0.2984504328449066,0.0,0.0,0.0,1067.9967599802103,0.0,0.0,0.0,60.0,0.0,0.0,0.0,10.0
0.0,0.0,0.0,0.0,0.0,0.2984504328449066,0.0,0.0,0.0,1069.437799414228,0.0,0.0,0.0,60.0,0.0,0.0,0.0,10.0
0.0,0.0,0.0,0.0,0.0,0.2984504328449066,0.0,0.0,0.0,1073.595373053699,0.0,0.0,0.0,60.0,0.0,0.0,0.0,10.0
0.0,0.0,0.0,0.0,0.0,0.2984504328449066,0.0,0.0,0.0,1071.281685722534,0.0,0.0,0.0,60.0,0.0,0.0,0.0,10.0
0.0,0.0,0.0,0.0,0.0,0.2984504328449066,0.0,0.0,0.0,1068.8576420204345,0.0,0.0,0.0,60.0,0.0,0.0,0.0,10.0
0.0,0.0,0.0,0.0,0.0,0.2984504328449066,0.0,0.0,0.0,1071.1451655627125,0.0,0.0,0.0,60.0,0.0,0.0,0.0,10.0
0.0,0.0,0.0,0.0,0.0,0.2984504328449066,0.0,0.0,0.0,1072.798710873172,0.0,0.0,0.0,60.0,0.0,0.0,0.0,10.0
0.0,0.0,0.0,0.0,0.0,0.2984504328449066,0.0,0.0,0.0,1071.8492673658257,0.0,0.0,0.0,60.0,0.0,0.0,0.0,10.0
0.0,0.0,0.0,0.0,0.0,0.2984504328449066,0.0,0.0,0.0,1070.1192607398402,0.0,0.0,0.0,60.0,0.0,0.0,0.0,10.0
0.0,0.0,0.0,0.0,0.0,0.2984504328449066,0.0,0.0,0.0,1068.7061264445888,0.0,0.0,0.0,60.0,0.0,0.0,0.0,10.0
0.0,0.0,0.0,0.0,0.0,0.2984504328449066,0.0,0.0,0.0,1071.3964466272273,0.0,0.0,0.0,60.0,0.0,0.0,0.0,10.0
0.0,0.0,0.0,0.0,0.0,0.2984504328449066,0.0,0.0,0.0,1070.7869707708435,0.0,0.0,0.0,60.0,0.0,0.0,0.0,10.0
0.0,0.0,0.0,0.0,0.0,0.2984504328449066,0.0,0.0,0.0,1071.7903864400555,0.0,0.0,0.0,60.0,0.0,0.0,0.0,10.0
0.0,0.0,0.0,0.0,0.0,0.2984504328449066,0.0,0.0,0.0,1071.270343603364,0.0,0.0,0.0,60.0,0.0,0.0,0.0,10.0
0.0,0.0,0.0,0.0,0.0,0.2984504328449066,0.0,0.0,0.0,1072.0991054306387,0.0,0.0,0.0,60.0,0.0,0.0,0.0,10.0
0.0,0.0,0.0,0.0,0.0,0.2984504328449066,0.0,0.0,0.0,1068.9295295768788,0.0,0.0,0.0,60.0,0.0,0.0,0.0,10.0
0.0,0.0,0.0,0.0,0.0,0.2984504328449066,0.0,0.0,0.0,1072.6347881312686,0.0,0.0,0.0,60.0,0.0,0.0,0.0,10.0
0.0,0.0,0.0,0.0,0.0,0.2984504328449066,0.0,0.0,0.0,1070.3951992093848,0.0,0.0,0.0,60.0,0.0,0.0,0.0,10.0
0.0,0.0,0.0,0.0,0.0,0.2984504328449066,0.0,0.0,0.0,1074.1505217452504,0.0,0.0,0.0,60.0,0.0,0.0,0.0,10.0
0.0,0.0,0.0,0.0,0.0,0.2984504328449066,0.0,0.0,0.0,1068.621624363821,0.0,0.0,0.0,60.0,0.0,0.0,0.0,10.0
